armiger,image_url,blazon,artist,date_granted
Akaa,https://upload.wikimedia.org/wikipedia/commons/thumb/5/52/Akaa.vaakuna.svg/75px-Akaa.vaakuna.svg.png,Sakarakoroisesti punaiseen ja hopeaan halkoisella kilvellä hopeinen muuriankkuri.,Kari J. Tähtinen,28. helmikuuta 2007
Alajärvi,https://upload.wikimedia.org/wikipedia/commons/thumb/1/13/Alaj%C3%A4rvi.vaakuna.svg/75px-Alaj%C3%A4rvi.vaakuna.svg.png,Sinisessä kentässä hopeinen aaltokoroinen tyviö.,Olof Eriksson,16. lokakuuta 1961
Alavieska,https://upload.wikimedia.org/wikipedia/commons/thumb/6/64/Alavieska.vaakuna.svg/75px-Alavieska.vaakuna.svg.png,"Vihreässä kentässä ristikkäin kaksi hopeaviikatetta, joiden terät kultaa.",Kaj Kajander,25. marraskuuta 1960
Alavus,https://upload.wikimedia.org/wikipedia/commons/thumb/6/62/T%C3%B6ys%C3%A4.vaakuna.svg/120px-T%C3%B6ys%C3%A4.vaakuna.svg.png,"Sinisessä kentässä nyhäkoroinen kärki, josta nousee kaarisakarainen risti; molemmat hopeaa.",Gustaf von Numers,1. tammikuuta 2013
Asikkala,https://upload.wikimedia.org/wikipedia/commons/thumb/c/c3/Asikkala.vaakuna.svg/75px-Asikkala.vaakuna.svg.png,"Kilpi nelilohkoinen, hopea-punainen; kussakin kentässä vuorovärinen, kultaemiöinen viisilehtinen kukka.",Ahti Hammar,6. maaliskuuta 1952
Askola,https://upload.wikimedia.org/wikipedia/commons/thumb/5/50/Askola.vaakuna.svg/75px-Askola.vaakuna.svg.png,"Hopeakentässä myllynkivi, josta kasvaa kolme ruusua; kaikki punaista.",Olof Eriksson,14. marraskuuta 1956
Aura,https://upload.wikimedia.org/wikipedia/commons/thumb/4/45/Aura.vaakuna.svg/75px-Aura.vaakuna.svg.png,"Punaisessa kentässä alainen, aaltokoroinen hirsi, jonka yläpuolella kehäaura; kaikki kultaa.",Ahti Hammar,29. kesäkuuta 1957
Brändö,https://upload.wikimedia.org/wikipedia/commons/thumb/c/c7/Br%C3%A4nd%C3%B6.vaakuna.svg/120px-Br%C3%A4nd%C3%B6.vaakuna.svg.png,"Aaltokoroisen kilven punaisessa yläkentässä lentävä hopeinen lokki, hopeisessa alakentässä kala.",Matts Dreijer,9. huhtikuuta 1952
Eckerö,https://upload.wikimedia.org/wikipedia/commons/thumb/b/be/Ecker%C3%B6.vaakuna.svg/75px-Ecker%C3%B6.vaakuna.svg.png,"Hopeakentässä punainen rahtivene, jonka raakapurjekin on punainen.",Matts Dreijer,27. helmikuuta 1952
Enonkoski,https://upload.wikimedia.org/wikipedia/commons/thumb/b/b8/Enonkoski.vaakuna.svg/120px-Enonkoski.vaakuna.svg.png,"Mustassa kentässä kaksi hopea-airoa vinoristikkäin, saatteena neljä kulta-apilaa.",Olof Eriksson,23. marraskuuta 1954
Enontekiö,https://upload.wikimedia.org/wikipedia/commons/thumb/b/bc/Enonteki%C3%B6.vaakuna.svg/75px-Enonteki%C3%B6.vaakuna.svg.png,Sinisessä kentässä hopeinen punavaruksinen riekko.,Olof Eriksson,21. huhtikuuta 1961
Espoo,https://upload.wikimedia.org/wikipedia/commons/thumb/f/f6/Espoo.vaakuna.svg/120px-Espoo.vaakuna.svg.png,"Sinisessä kentässä hevosenkenkä, sen yläpuolella kruunu, kaikki kultaa.",Kaj Kajander,10. marraskuuta 1955
Eura,https://upload.wikimedia.org/wikipedia/commons/thumb/d/df/Eura.vaakuna.svg/75px-Eura.vaakuna.svg.png,"Kultakentässä sinisen, sakarakoroisen reunuksen ympäröimänä musta, punavaruksinen karhu pystyasennossa, oikeassa kämmenessään iskuun kohotettu sininen miekka.",Gustaf von Numers,9. elokuuta 1954
Eurajoki,https://upload.wikimedia.org/wikipedia/commons/thumb/5/56/Luvia.vaakuna.svg/120px-Luvia.vaakuna.svg.png,"Sinisessä kentässä kultainen, kolmimastoinen kuunarilaiva.",Heikki Hermonen,1. tammikuuta 2017
Evijärvi,https://upload.wikimedia.org/wikipedia/commons/thumb/d/dc/Evij%C3%A4rvi.svg/75px-Evij%C3%A4rvi.svg.png,"Sinisessä kentässä hopeisen aaltokoroisen tyviön yläpuolella selätysten kaksi tyviöstä nousevaa hopeista kalaa, joiden varukset ovat punaiset.",Olof Eriksson,19. syyskuuta 1963
Finström,https://upload.wikimedia.org/wikipedia/commons/thumb/9/90/Finstr%C3%B6m.vaakuna.svg/75px-Finstr%C3%B6m.vaakuna.svg.png,"Punaisessa kentässä kultatammi alaisen, aaltokoroisen hopeahirren yläpuolella.",Matts Dreijer,19. joulukuuta 1951
Forssa,https://upload.wikimedia.org/wikipedia/commons/thumb/5/51/Forssan_vaakuna.svg/75px-Forssan_vaakuna.svg.png,Sinisessä kentässä hopeinen vesiratas.,Olof Eriksson,29. elokuuta 1962
Föglö,https://upload.wikimedia.org/wikipedia/commons/thumb/8/81/F%C3%B6gl%C3%B6.vaakuna.svg/75px-F%C3%B6gl%C3%B6.vaakuna.svg.png,Sinisessä kentässä kolme yläviistoon lentävää kultaista sorsaa asetettuina 2 + 1.,Matts DreijerjaA.W. Rancken,31. lokakuuta 1951
Geta,https://upload.wikimedia.org/wikipedia/commons/thumb/2/21/Geta.vaakuna.svg/75px-Geta.vaakuna.svg.png,Sinisessä kentässä pystyyn kavahtanut kultapukki.,Matts Dreijer,19. joulukuuta 1951
Haapajärvi,https://upload.wikimedia.org/wikipedia/commons/thumb/a/a9/Haapaj%C3%A4rvi.vaakuna.svg/75px-Haapaj%C3%A4rvi.vaakuna.svg.png,"Sinisessä kentässä palkeittain hopeinen, siivekäs nuoli, jonka kärki ja sulat kultaa.",Gustaf von Numers,10. helmikuuta 1959
Haapavesi,https://upload.wikimedia.org/wikipedia/commons/thumb/8/88/Haapavesi.vaakuna.svg/75px-Haapavesi.vaakuna.svg.png,"Sinisessä kentässä hopeinen haapa, sen alapuolella aaltokoroinen hopeatyviö, jossa sininen, kultanastainen suksisauvan sompa.",A. O. Jääskö,10. lokakuuta 1953
Hailuoto,https://upload.wikimedia.org/wikipedia/commons/thumb/5/50/Hailuoto.vaakuna.svg/120px-Hailuoto.vaakuna.svg.png,Sinisessä kentässä hopeinen merihankain.,Teuvo Pakkala,19. joulukuuta 1966
Halsua,https://upload.wikimedia.org/wikipedia/commons/thumb/c/c3/Halsua.vaakuna.svg/120px-Halsua.vaakuna.svg.png,"Punaisessa kentässä kaksi vastakkain asetettua pyöreäperäistä hopeakannelta, joitten kielet siniset.",Kaj Kajander,12. maaliskuuta 1969
Hamina,https://upload.wikimedia.org/wikipedia/commons/thumb/e/ef/Hamina.vaakuna.svg/120px-Hamina.vaakuna.svg.png,"Sinisessä kentässä hopeinen, alainen, aaltokoroinen hirsi, jolla ui kultainen vene, sen yläpuolella kultainen, purppuravuorinen kuninkaankruunu.",Gustaf von Numers(vanhan vaakunan pohjalta),3. toukokuuta 1952
Hammarland,https://upload.wikimedia.org/wikipedia/commons/thumb/c/c6/Hammarland.vaakuna.svg/75px-Hammarland.vaakuna.svg.png,Sinisessä kentässä kohti kääntynyt kultainen viikinkilaiva; kultatyviössä punainen kolmoisvuori.,Matts Dreijer,28. joulukuuta 1951
Hankasalmi,https://upload.wikimedia.org/wikipedia/commons/thumb/e/e5/Hankasalmi.vaakuna.svg/120px-Hankasalmi.vaakuna.svg.png,"Mustassa kentässä aaltokoroinen hopeahirsi, jossa punainen vitsahankain.",Ahti Hammar,3. lokakuuta 1957
Hanko,https://upload.wikimedia.org/wikipedia/commons/thumb/f/f1/Hanko.vaakuna.svg/75px-Hanko.vaakuna.svg.png,"Sini-hopeakatkoisessa kilvessä hopea-punakatkoinen majakka, jonka ovi- ja ikkuna-aukot ovat siniset; tornin yläpuolella kuusisakarainen hopeatähti.",Gustaf von Numers(vanhan vaakunan pohjalta),4. tammikuuta 1960
Harjavalta,https://upload.wikimedia.org/wikipedia/commons/thumb/8/8a/Harjavalta.vaakuna.svg/120px-Harjavalta.vaakuna.svg.png,"Sinisessä kentässä salamakimppu paaluittain, saatteena sen kummallakin puolella kaksi vinoristiä keskenään hirsittäin, kaikki kultaa.",Ahti Hammar,11. helmikuuta 1952
Hartola,https://upload.wikimedia.org/wikipedia/commons/thumb/e/e0/Hartola.vaakuna.svg/75px-Hartola.vaakuna.svg.png,Punaisessa kentässä ristikkäin kaksi palavaa soihtua ja niiden yläpuolella kruunu; kaikki kultaa paitsi soihtujen liekit hopeaa.,Kaj Kajander,11. heinäkuuta 1966
Hattula,https://upload.wikimedia.org/wikipedia/commons/thumb/a/aa/Hattula.vaakuna.svg/75px-Hattula.vaakuna.svg.png,"Punaisessa kentässä reunoihin ulottuva yksikaarinen silta, jonka yläpuolella kreikkalainen risti, molemmat kultaa.",Erkki Karttunen,12. maaliskuuta 1957
Hausjärvi,https://upload.wikimedia.org/wikipedia/commons/thumb/9/95/Hausj%C3%A4rvi.vaakuna.svg/120px-Hausj%C3%A4rvi.vaakuna.svg.png,"Punaisessa kentässä vinoristi ja lakipisteessä tähti, kaikki hopeaa.",Olof Eriksson,20. huhtikuuta 1953
Heinola,https://upload.wikimedia.org/wikipedia/commons/thumb/6/6f/Heinola.vaakuna.svg/75px-Heinola.vaakuna.svg.png,"Punaisessa kentässä alainen, alapuoleltaan kaarikoroinen hopeahirsi, jonka päällä kävelee kultainen ilves, varukset siniset, korvatöyhdöt mustat.",Gustaf von Numers,11. marraskuuta 1958
Heinävesi,https://upload.wikimedia.org/wikipedia/commons/thumb/5/58/Hein%C3%A4vesi.vaakuna.svg/75px-Hein%C3%A4vesi.vaakuna.svg.png,"Vihreässä kentässä aaltokoroinen hopeinen vastapalkki, jossa alatusten kolme kultaisilla ketjuilla sidottua vihreätä tukkilauttaa; vastapalkin yläpuolella kultainen ruoriratas.",Pauli Numminen,19. maaliskuuta 1959
Helsinki,https://upload.wikimedia.org/wikipedia/commons/thumb/c/c4/Helsinki.vaakuna.svg/75px-Helsinki.vaakuna.svg.png,"Sinisessä kentässä kultainen vene uimassa hopeisella, aaltokoroisella tyviöllä; veneen yläpuolella saatteena kultakruunu.",A. W. Rancken(piirtänyt uudelleen),30. elokuuta 1951
Hirvensalmi,https://upload.wikimedia.org/wikipedia/commons/thumb/5/57/Hirvensalmi.vaakuna.svg/75px-Hirvensalmi.vaakuna.svg.png,"Kultakentässä musta, kävelevä hirvi, kaviot punaiset.",Gustaf von Numers,20. huhtikuuta 1953
Hollola,https://upload.wikimedia.org/wikipedia/commons/thumb/1/1f/Hollola.vaakuna.svg/75px-Hollola.vaakuna.svg.png,"Punaisessa kentässä kohtikatsova hirvenpää ja sen alapuolella ruiskuhilas; molemmat kultaa, saatteena viisi hopeista naularistiä, joista yksi hirvenpään yläpuolella ja kaksi päätunnuskuvien molemmin puolin.",Carolus Lindberg,3. marraskuuta 1952
Huittinen,https://upload.wikimedia.org/wikipedia/commons/thumb/0/0b/Huittisten.vaakuna.svg/75px-Huittisten.vaakuna.svg.png,Vihreässä kentässä kaksi kultaista häränotsaa alakkain.,Erkki Honkanen,19. kesäkuuta 1953
Humppila,https://upload.wikimedia.org/wikipedia/commons/thumb/f/f4/Humppilan_vaakuna.svg/120px-Humppilan_vaakuna.svg.png,Kultakentässä tyvestä nousevasta katoksesta riippuva ruokakello; kaikki mustaa.,Risto Sulonen jaOlof Eriksson,25. syyskuuta 1957
Hyrynsalmi,https://upload.wikimedia.org/wikipedia/commons/thumb/0/06/Hyrynsalmi.vaakuna.svg/75px-Hyrynsalmi.vaakuna.svg.png,"Hopeisessa kentässä sininen aaltokoroinen paalu, jossa kultainen tervatynnyri.",A. Liuksiala,8. kesäkuuta 1968
Hyvinkää,https://upload.wikimedia.org/wikipedia/commons/thumb/3/34/Hyvinkaa.vaakuna.svg/75px-Hyvinkaa.vaakuna.svg.png,"Sinisessä kentässä kolme hirsittäin asetettua, keskenään paaluittain järjestettyä kultasyöstävää, joiden kärjet ja langat hopeaa.",Olof Eriksson,11. joulukuuta 1950
Hämeenkyrö,https://upload.wikimedia.org/wikipedia/commons/thumb/e/e6/H%C3%A4meenkyr%C3%B6.vaakuna.svg/75px-H%C3%A4meenkyr%C3%B6.vaakuna.svg.png,"Kultakentässä puna-sinikatkoinen juomasarvi, jalka ja heloitus hopeaa, suu oikealle, sarven yläpuolella sininen, liekkikoroinen lakio, jossa kuusisakarainen kultatähti.",Gustaf von Numers,29. joulukuuta 1954
Hämeenlinna,https://upload.wikimedia.org/wikipedia/commons/thumb/d/da/H%C3%A4meenlinna.vaakuna.svg/120px-H%C3%A4meenlinna.vaakuna.svg.png,"Punaisessa kentässä alareunaltaan aaltokoroinen, kilven reunasta toiseen ulottuva muuri, josta nousee kaksi jyrkkäkattoista tornia ja näiden välissä rakennus, kaikki hopeaa, ikkuna-aukot ovat mustat ja linnan yläpuolella saatteena kultaiset auringonkasvot.",Gustaf von Numers(vanhan vaakunan pohjalta),21. syyskuuta 1956
Ii,https://upload.wikimedia.org/wikipedia/commons/thumb/3/3b/Kuivaniemi.vaakuna.svg/75px-Kuivaniemi.vaakuna.svg.png,Hopea kentässä aaltokoroinen vasen pieli ja hylje; molemmat sinisiä.,Kaj Kajander,1. tammikuuta 2007
Iisalmi,https://upload.wikimedia.org/wikipedia/commons/thumb/e/ed/Iisalmi.vaakuna.svg/120px-Iisalmi.vaakuna.svg.png,"Aaltokoroisesti musta-kultakatkoinen kilpi, jonka yläkentässä pystyssä jännitetty käsijousi, kokonaan kultaa, ja alakentässä kaksi piilukirvestä ristikkäin ja niiden varsien ympärillä saatteena neljä ruusua asetettuina 1 + 2 + 1, kaikki mustia.",Ahti Hammar(vanhan vaakunan pohjalta),24. syyskuuta 1964
Iitti,https://upload.wikimedia.org/wikipedia/commons/thumb/2/22/Iitti.vaakuna.svg/75px-Iitti.vaakuna.svg.png,"Mustassa kentässä aaltokoroinen hopeahirsi, päällikkeenä paaluittainen kaksilehtinen kulta-avain.",Ahti Hammar,3. maaliskuuta 1953
Ikaalinen,https://upload.wikimedia.org/wikipedia/commons/thumb/e/ef/Ikaalinen.vaakuna.svg/75px-Ikaalinen.vaakuna.svg.png,Kultaisten pielten rajoittamassa sinisessä kentässä kolme hopeista airoa lavat ylöspäin.,Pentti Papunen,1. tammikuuta 1972
Ilmajoki,https://upload.wikimedia.org/wikipedia/commons/thumb/9/9f/Ilmajoki.vaakuna.svg/120px-Ilmajoki.vaakuna.svg.png,"Katkoisen kilven hopeisessa yläkentässä musta karhunpää edestäpäin. Sinisessä alakentässä kaksi hopeista puunuijaa ristissä, niiden alakulmassa jalkajousen muotoinen hopeinen puumerkki; jousen kaksikaarteinen virittäjä vastapalkeittain tukin päällä, yläpää kiinni jänteessä.",Ahti Hammar,25. lokakuuta 1950
Ilomantsi,https://upload.wikimedia.org/wikipedia/commons/thumb/a/a5/Ilomantsi.vaakuna.svg/75px-Ilomantsi.vaakuna.svg.png,Puna-mustahalkoisessa kilvessä kolme hopeista viisikielistä kannelta vieretysten; kielet mustia.,Ahti Hammar,24. marraskuuta 1954
Imatra,https://upload.wikimedia.org/wikipedia/commons/thumb/6/60/Imatra.vaakuna.svg/120px-Imatra.vaakuna.svg.png,Punaisessa kentässä kolme pystyasentoon asetettua kahtaalle suuntautuvaa yksipolvekkeista nuolenmuotoista kultakärkistä hopeasalamaa.,Olof Eriksson,25. lokakuuta 1960
Inari,https://upload.wikimedia.org/wikipedia/commons/thumb/7/76/Inari.vaakuna.svg/120px-Inari.vaakuna.svg.png,Mustassa kentässä uiva hopeinen siika päässään kultaiset sarvet.,Ahti Hammar,25. helmikuuta 1955
Inkoo,https://upload.wikimedia.org/wikipedia/commons/thumb/7/71/Inkoo.vaakuna.svg/75px-Inkoo.vaakuna.svg.png,"Kilpi aaltokoroisesti kulta-sinikatkoinen; yläkentässä punainen vihkiristi, alakentässä palkeittain asetettu kulta-ankkuri.",A. W. Rancken,17. huhtikuuta 1951
Isojoki,https://upload.wikimedia.org/wikipedia/commons/thumb/d/db/Isojoki.vaakuna.svg/75px-Isojoki.vaakuna.svg.png,"Mustassa kentässä hopeinen paalu, jossa punainen tähkä.",Pentti Vakkamaa,11. tammikuuta 1966
Isokyrö,https://upload.wikimedia.org/wikipedia/commons/thumb/0/05/Isokyr%C3%B6.vaakuna.svg/75px-Isokyr%C3%B6.vaakuna.svg.png,"Kultakilvessä pystyssä musta karhu, jonka varukset (kieli, hampaat, kynnet) ovat punaiset, pidellen kämmenissään kuusentyveä.",Matti Visanti,7. heinäkuuta 1950
Janakkala,https://upload.wikimedia.org/wikipedia/commons/thumb/8/8c/Janakkala.vaakuna.svg/75px-Janakkala.vaakuna.svg.png,"Punaisessa kentässä edestäpäin kultainen ilveksenpää, jonka kieli sininen ja korvatöyhdöt mustat; yläpuolella sakarakoroinen kultalakio, jossa Mantovan risti ja sen molemmin puolin sitä kohti suuntautuva nuolenkärki; kaikki mustia.",Onni Oja,23. helmikuuta 1952
Joensuu,https://upload.wikimedia.org/wikipedia/commons/thumb/1/1d/Joensuu.vaakuna.svg/120px-Joensuu.vaakuna.svg.png,"Kilpi kahdesti lohkoinen, ylempänä vallikoro, alempana aaltokoro; kentät punainen, hopeinen ja musta.",Toivo Vuorela,19. marraskuuta 1957
Jokioinen,https://upload.wikimedia.org/wikipedia/commons/thumb/c/cf/Jokioinen.vaakuna.svg/120px-Jokioinen.vaakuna.svg.png,"Punaisessa kentässä aaltokoroinen hirsi, jonka yläpuolella kaksi vehnätähkää ristissä ja alapuolella alasin; kaikki kultaa.",Gustaf von Numers,21. syyskuuta 1951
Jomala,https://upload.wikimedia.org/wikipedia/commons/thumb/6/68/Jomala.vapen.svg/75px-Jomala.vapen.svg.png,"Sinisessä kentässä Pyhä Olavi istumassa valtaistuimella pidellen valtakunnanomenaa ja sotakirvestä, kaikki kultaa.",Matts Dreijer,27. helmikuuta 1952
Joroinen,https://upload.wikimedia.org/wikipedia/commons/thumb/7/72/Joroinen.vaakuna.svg/120px-Joroinen.vaakuna.svg.png,"Kultakentässä musta, punavaruksinen häränpää edestäpäin, saatteena kolme mustaa kuulaa, joista pään yläpuolella yksi ja kummallakin sivulla yksi.",Olof Eriksson,12. kesäkuuta 1953
Joutsa,https://upload.wikimedia.org/wikipedia/commons/thumb/c/c7/Joutsa.vaakuna.svg/75px-Joutsa.vaakuna.svg.png,"Punaisessa kentässä kuusikoroinen tyviö sekä hirsittäinen jousi, jonka päällikkeenä paaluittainen nuoli, jousen jänne ja nuolen kärki ja sulat kultaa, muu hopeaa.",Gustaf von Numers,10. marraskuuta 1955
Juuka,https://upload.wikimedia.org/wikipedia/commons/thumb/a/a4/Juuka.vaakuna.svg/120px-Juuka.vaakuna.svg.png,"Punaisessa kentässä hopeinen koivu, jonka norkot kultaiset.",Aake Kaarnama,24. marraskuuta 1952
Juupajoki,https://upload.wikimedia.org/wikipedia/commons/thumb/6/60/Juupajoki.vaakuna.svg/75px-Juupajoki.vaakuna.svg.png,"Hopeakentässä punainen vuota, jossa kultainen havunoksa.",Olof Eriksson,26. huhtikuuta 1957
Juva,https://upload.wikimedia.org/wikipedia/commons/thumb/4/4c/Juva.vaakuna.svg/120px-Juva.vaakuna.svg.png,"Mustassa kentässä risti, saatteena oikeassa ylänurkassa apilan lehti; kaikki kultaa.",Tapio Vallioja,23. lokakuuta 1952
Jyväskylä,https://upload.wikimedia.org/wikipedia/commons/thumb/9/93/Jyv%C3%A4skyl%C3%A4.vaakuna.svg/120px-Jyv%C3%A4skyl%C3%A4.vaakuna.svg.png,"Jaettu kilpi, jonka yläkentässä on hopeanvärinen merkurion sauva sinisellä pohjalla ja alakentässä hopeanvärisellä pohjalla luonnonvärisenä sisäjärviveneen keula suoraan edestä katsottuna sekä sen alla kolme sinistä aaltoviivaa.",Jussi Jäppinen(piirtänyt uudelleen),11. joulukuuta 1931
Jämijärvi,https://upload.wikimedia.org/wikipedia/commons/thumb/2/2c/J%C3%A4mij%C3%A4rvi.vaakuna.svg/75px-J%C3%A4mij%C3%A4rvi.vaakuna.svg.png,"Kultakentässä palkki, jonka kummallakin puolella saatteena palkeittain lentävä pääskynen, kaikki siniset.",Gustaf von Numers,26. huhtikuuta 1965
Jämsä,https://upload.wikimedia.org/wikipedia/commons/thumb/5/51/J%C3%A4ms%C3%A4nkoski.vaakuna.svg/75px-J%C3%A4ms%C3%A4nkoski.vaakuna.svg.png,"Punaisessa kentässä siilinrauta, jota ympäröi reunuksittain ketju, molemmat hopeaa.",Gustaf von Numers,1. tammikuuta 2009
Järvenpää,https://upload.wikimedia.org/wikipedia/commons/thumb/3/31/Jarvenpaa.vaakuna.svg/75px-Jarvenpaa.vaakuna.svg.png,Sinisessä kentässä hopeinen siivekäs lyyra.,Olof Eriksson,10. helmikuuta 1956
Kaarina,https://upload.wikimedia.org/wikipedia/commons/thumb/b/bf/Piikki%C3%B6.vaakuna.svg/75px-Piikki%C3%B6.vaakuna.svg.png,"Punaisessa kentässä kolme nousevaa kultaista, apilakärkistä sudenhammasta.",Ahti Hammar,1. tammikuuta 2009
Kaavi,https://upload.wikimedia.org/wikipedia/commons/thumb/4/48/Kaavi.vaakuna.svg/75px-Kaavi.vaakuna.svg.png,"Punaisessa kentässä hopeinen, aaltokoroinen kärki.",Kaj Kajander,21. helmikuuta 1956
Kajaani,https://upload.wikimedia.org/wikipedia/commons/thumb/a/ad/Kajaani.vaakuna.svg/75px-Kajaani.vaakuna.svg.png,"Sinisessä kentässä alaisesta aaltokoroisesta hopeahirrestä nouseva kultainen kaksitorninen linna, jonka ikkuna- ja oviaukot punaiset.",Olof Eriksson,30. kesäkuuta 1958
Kalajoki,https://upload.wikimedia.org/wikipedia/commons/thumb/7/77/Himanka.vaakuna.svg/75px-Himanka.vaakuna.svg.png,"Kultakentässä sininen, kaksimastoinen kaljaasi.",Gustaf von Numers,1. tammikuuta 2010
Kangasala,https://upload.wikimedia.org/wikipedia/commons/thumb/e/e1/Kangasala.vaakuna.svg/120px-Kangasala.vaakuna.svg.png,"Hopeakentässä harppu, jonka yhdyspuu ja kaula muodostavat kotkakuvion, saatteena seitsemän pisaraa, asetettuina 2 + 2 + 2 + 1, kaikki punaisia. Hopeisessa, punaisilla pisaroina sirotellussa kentässä punainen, kotkakoristeinen harppu.",Olof Eriksson,11. syyskuuta 1951
Kangasniemi,https://upload.wikimedia.org/wikipedia/commons/thumb/0/06/Kangasniemi.vaakuna.svg/120px-Kangasniemi.vaakuna.svg.png,"Mustassa kentässä paaluttainen kultainen rukinlyhty, jossa lanka hopeaa.",Olof Eriksson,12. kesäkuuta 1953
Kankaanpää,https://upload.wikimedia.org/wikipedia/commons/thumb/d/df/Kankaanp%C3%A4%C3%A4.vaakuna.svg/75px-Kankaanp%C3%A4%C3%A4.vaakuna.svg.png,"Sinisessä kentässä alainen, yläreunaltaan liekkikoroinen hopeahirsi, jonka päällikkeenä pystyssä kultamänty.",Carolus Lindberg,12. lokakuuta 1951
Kannonkoski,https://upload.wikimedia.org/wikipedia/commons/thumb/7/76/Kannonkoski.vaakuna.svg/120px-Kannonkoski.vaakuna.svg.png,Punaisessa kentässä aaltokoroinen tyviö ja sen yläpuolella kanto; kaikki hopeaa.,Olof Eriksson,28. syyskuuta 1959
Kannus,https://upload.wikimedia.org/wikipedia/commons/thumb/2/25/Kannus.vaakuna.svg/75px-Kannus.vaakuna.svg.png,"Sinisessä kentässä paaluittainen noitarummun (kannuksen) vasara, sen varren kummallakin puolella kuusisakarainen kannustähti; kaikki hopeaa.",Gustaf von Numers,27. syyskuuta 1950
Karijoki,https://upload.wikimedia.org/wikipedia/commons/thumb/f/f1/Karijoki.vaakuna.svg/120px-Karijoki.vaakuna.svg.png,Kynsikoroisesti katkoinen sini-hopeakilpi.,Ahti Hammar,28. joulukuuta 1965
Karkkila,https://upload.wikimedia.org/wikipedia/commons/thumb/f/f8/Karkkila.vaakuna.svg/75px-Karkkila.vaakuna.svg.png,"Punaisessa kentässä liekkikoroinen tyviö, jonka yläpuolella kaksi vasaraa ristikkäin; kaikki kultaa.",Olof Eriksson,21. syyskuuta 1956
Karstula,https://upload.wikimedia.org/wikipedia/commons/thumb/7/73/Karstula.vaakuna.svg/75px-Karstula.vaakuna.svg.png,"Punaisessa kentässä hopeinen, ankkuriristin muotoinen lukonhela, keskellä avaimenreikä.",Ahti Hammar,16. heinäkuuta 1953
Karvia,https://upload.wikimedia.org/wikipedia/commons/thumb/e/ea/Karvia.vaakuna.svg/120px-Karvia.vaakuna.svg.png,"Sinisessä kentässä kuusikoroisen tyviön yläpuolella linnake, kaikki kultaa.",Olof Eriksson,28. maaliskuuta 1956
Kaskinen,https://upload.wikimedia.org/wikipedia/commons/thumb/c/c1/Kaskinen.vaakuna.svg/75px-Kaskinen.vaakuna.svg.png,"Halkoisen kilven oikeassa sinisessä kentässä hopeinen perämela, vasemmassa hopeisessa kentässä vihreä laakerinlehvä.",A. W. Rancken(piirtänyt uudelleen),9. huhtikuuta 1793
Kauhajoki,https://upload.wikimedia.org/wikipedia/commons/thumb/0/01/Kauhajoki.vaakuna.svg/75px-Kauhajoki.vaakuna.svg.png,"Aaltokorokatkoisen kilven sinisessä yläkentässä kaksi hopeista puhemiehen nuijaa ristikkäin, hopeisessa alakentässä kohti katsova musta karhunpää, jonka kieli punainen.",Ahti Hammar,17. lokakuuta 1952
Kauhava,https://upload.wikimedia.org/wikipedia/commons/thumb/b/b3/Kauhava.vaakuna.2009.svg/75px-Kauhava.vaakuna.2009.svg.png,Sinisellä kilvellä kultainen irtonainen mantovanristi alapuolellaan kilven reunasta reunaan ulottuva punainen neliherttainen helavyö; helat ja hertat kultaa.,Reijo Helläkoski,1. tammikuuta 2009
Kauniainen,https://upload.wikimedia.org/wikipedia/commons/thumb/6/6c/Kauniainen.vaakuna.svg/120px-Kauniainen.vaakuna.svg.png,"Sinisessä kilvessä istuva, etukäpälissään mustaa kuusenkäpyä pitelevä kultainen, punavaruksinen orava, sen yläpuolella saatteena kolme kultaista ruusua vieretysten.",Ahto Numminen,11. maaliskuuta 1952
Kaustinen,https://upload.wikimedia.org/wikipedia/commons/thumb/6/6c/Kaustinen.vaakuna.svg/75px-Kaustinen.vaakuna.svg.png,Sinisessä kultaisin naularistein sirotellussa kentässä vastapalkeittain asetettu kultainen viulu.,Ilmari Wirkkala,25. lokakuuta 1950
Keitele,https://upload.wikimedia.org/wikipedia/commons/thumb/1/1f/Keitele.vaakuna.svg/75px-Keitele.vaakuna.svg.png,Mustassa kentässä kolme kultaista nuottavenettä alatusten.,Ahti Hammar,16. toukokuuta 1962
Kemi,https://upload.wikimedia.org/wikipedia/commons/thumb/9/9f/Kemi.vaakuna.svg/120px-Kemi.vaakuna.svg.png,"Katkoisen kilven punaisessa yläkentässä hopeinen ankkuri, sinisessä alakentässä hopealohi.",G. A. Kajanus,28. toukokuuta 1873
Kemijärvi,https://upload.wikimedia.org/wikipedia/commons/thumb/b/b6/Kemij%C3%A4rvi.vaakuna.svg/75px-Kemij%C3%A4rvi.vaakuna.svg.png,"Mustassa kentässä kanto, jonka yläpää teroitettu kolmikärkiseksi ja sen molemmin puolin saatteena kuusisakarainen tähti, kaikki hopeaa.",Olof Eriksson,1. tammikuuta 1973
Keminmaa,https://upload.wikimedia.org/wikipedia/commons/thumb/2/20/Keminmaa.vaakuna.svg/75px-Keminmaa.vaakuna.svg.png,"Punaisessa kentässä hyppäävä lohi, jonka leuassa riippulukko; kaikki hopeaa, paitsi lukossa musta avaimenreikä.",Ahti Hammar,4. heinäkuuta 1955
Kemiönsaari,https://upload.wikimedia.org/wikipedia/commons/thumb/e/e2/Dragsfj%C3%A4rd.vaakuna.svg/75px-Dragsfj%C3%A4rd.vaakuna.svg.png,Sinisessä kentässä kultainen potkuri vinoristikkäin.,Olof Eriksson,1. tammikuuta 2009
Kempele,https://upload.wikimedia.org/wikipedia/commons/thumb/f/fb/Kempele.vaakuna.svg/120px-Kempele.vaakuna.svg.png,"Sinisessä kentässä aaltokoroinen vasen pieli ja kaksi alakkain, yläviistoon lentävää sorsaa; kaikki hopeaa.",Kaj Kajander,24. marraskuuta 1969
Kerava,https://upload.wikimedia.org/wikipedia/commons/thumb/8/87/Kerava.vaakuna.svg/75px-Kerava.vaakuna.svg.png,Sinisessä kentässä yläreunaltaan lohenpyrstökoroinen kultahirsi.,Ahti Hammar,22. huhtikuuta 1955
Keuruu,https://upload.wikimedia.org/wikipedia/commons/thumb/5/5c/Keuruu.vaakuna.svg/75px-Keuruu.vaakuna.svg.png,Hopeanväriseen ylälakioon sijoitettu musta kirkkovene ja punaisessa alakentässä ristikkäin olevat puintivarstat.,Olof Eriksson,30. joulukuuta 1952
Kihniö,https://upload.wikimedia.org/wikipedia/commons/thumb/c/ca/Kihni%C3%B6.vaakuna.svg/75px-Kihni%C3%B6.vaakuna.svg.png,Sinisessä kentässä kaksi kultaista alapuolelta sahakoroista palkkia.,Toivo Vuorela,10. lokakuuta 1960
Kinnula,https://upload.wikimedia.org/wikipedia/commons/thumb/7/73/Kinnula_coat_of_arms.svg/75px-Kinnula_coat_of_arms.svg.png,"Hopeakentässä kolme oksakoroista, musta-punakatkoista vastapalkkia.",Ahti Hammar,2. tammikuuta 1959
Kirkkonummi,https://upload.wikimedia.org/wikipedia/commons/thumb/d/db/Kirkkonummi.vaakuna.svg/120px-Kirkkonummi.vaakuna.svg.png,"Kilpi aaltokoroisesti sini-hopeakatkoinen; yläkentässä kultainen irtonainen kreikkalainen risti, alakentässä sininen vene.",A. W. Rancken,29. maaliskuuta 1951
Kitee,https://upload.wikimedia.org/wikipedia/commons/thumb/f/f1/Kitee.vaakuna.svg/120px-Kitee.vaakuna.svg.png,Puna-mustakatkoisessa kilvessä hopeinen ruoriratas.,Tapio Vallioja,7. marraskuuta 1953
Kittilä,https://upload.wikimedia.org/wikipedia/commons/thumb/2/26/Kittil%C3%A4.vaakuna.svg/120px-Kittil%C3%A4.vaakuna.svg.png,Hopeakentässä kävelevä ahma ja yläpuolella kaarilakio; kaikki mustaa paitsi ahman varukset punaiset.,Einari Junttila,26. marraskuuta 1963
Kiuruvesi,https://upload.wikimedia.org/wikipedia/commons/thumb/a/ab/Kiuruvesi.vaakuna.svg/75px-Kiuruvesi.vaakuna.svg.png,"Mustassa kentässä kultainen kiuru siivet levitettyinä, alapuolella saatteena kolme hopeista vesilehvää asetettuina 2 + 1.",Tapio Vallioja,7. kesäkuuta 1963
Kivijärvi,https://upload.wikimedia.org/wikipedia/commons/thumb/1/12/Kivij%C3%A4rvi.vaakuna.svg/75px-Kivij%C3%A4rvi.vaakuna.svg.png,"Hopeakentässä punainen, alapuoleltaan aaltokoroinen irtohirsi, jolla seisoo musta, punavaruksinen kukko.",Gustaf von Numers,18. huhtikuuta 1963
Kokemäki,https://upload.wikimedia.org/wikipedia/commons/thumb/e/eb/Kokem%C3%A4ki.vaakuna.svg/75px-Kokem%C3%A4ki.vaakuna.svg.png,"Sinisessä kentässä hopeinen, kultapäärmeinen ja -nauhainen piispanhiippa.",Gustaf von Numers,4. helmikuuta 1953
Kokkola,https://upload.wikimedia.org/wikipedia/commons/thumb/1/1d/Kokkola.vaakuna.svg/120px-Kokkola.vaakuna.svg.png,"Kultakentässä kyljellään musta tervatynnyri, jonka tapinreiästä ja pohjista lyövät punaiset tulenlieskat.",Olof Eriksson(vanhan vaakunan pohjalta),17. joulukuuta 1956
Kolari,https://upload.wikimedia.org/wikipedia/commons/thumb/5/5a/Kolari.vaakuna.svg/120px-Kolari.vaakuna.svg.png,Kilpi alaisen harjakoron jakama hopeiseen ja mustaan kenttään; yläkentässä viisi nousevaa punaista tulikielekettä vieretysten.,Olof Eriksson,10. joulukuuta 1951
Konnevesi,https://upload.wikimedia.org/wikipedia/commons/thumb/f/fd/Konnevesi.vaakuna.svg/75px-Konnevesi.vaakuna.svg.png,Punaisessa kentässä hopeiset tukkisakset.,Gustaf von Numers,21. elokuuta 1964
Kontiolahti,https://upload.wikimedia.org/wikipedia/commons/thumb/f/fc/Kontiolahti.vaakuna.svg/120px-Kontiolahti.vaakuna.svg.png,"Hopeisessa kentässä pystyssä karhu olallaan uittohaka, kaikki mustaa, paitsi karhun varukset ja uittohaan varsi punaiset.",Aarno Liuksiala,27. helmikuuta 1953
Korsnäs,https://upload.wikimedia.org/wikipedia/commons/thumb/7/78/Korsn%C3%A4s.vaakuna.svg/75px-Korsn%C3%A4s.vaakuna.svg.png,"Sinisessä kentässä ristikkäin kaksi ylös työntyvää harppuunaa, joiden kärjet hopeaa ja varret kultaa; yläkulmassa saatteena kultainen Mantovan risti.",Gustaf von Numers,8. kesäkuuta 1968
Koski Tl,https://upload.wikimedia.org/wikipedia/commons/thumb/d/dc/Koski.Tl.vaakuna.svg/120px-Koski.Tl.vaakuna.svg.png,"Punaisessa kentässä kuusisakaraista kannustähteä ympäröivä rengas, jonka ulkoreuna on lohenpyrstökoroinen, molemmat hopeaa.",Gustaf von Numers,21. syyskuuta 1966
Kotka,https://upload.wikimedia.org/wikipedia/commons/thumb/1/13/Kotka.vaakuna.svg/75px-Kotka.vaakuna.svg.png,"Sinisessä kentässä kultainen luonnollinen kotka siivet koholla, seisoen ristikkäin olevalla ankkurilla ja Merkuriuksen sauvalla, jotka molemmat ovat hopeisia.",Olof Eriksson,19. syyskuuta 1957
Kouvola,https://upload.wikimedia.org/wikipedia/commons/thumb/f/fa/Kouvola.vaakuna.2009.svg/75px-Kouvola.vaakuna.2009.svg.png,"Mustalla kilvellä hopeinen aaltokoroinen tyviö ja kultainen liljapäinen, kuusipuolainen sideruusuke.",Tapani Talari,1. tammikuuta 2009
Kristiinankaupunki,https://upload.wikimedia.org/wikipedia/commons/thumb/4/45/Kristiinankaupunki.vaakuna.svg/75px-Kristiinankaupunki.vaakuna.svg.png,Aaltokoroisen hopea-sinihalkoisen kilven oikeassa kentässä yksitoista kentästä kasvavaa vihreää kuusta asetettuina 3 + 3 + 3 + 2.,Olof Eriksson(piirtänyt uudelleen),7. maaliskuuta 1652
Kruunupyy,https://upload.wikimedia.org/wikipedia/commons/thumb/c/c7/Kruunupyy.vaakuna.svg/75px-Kruunupyy.vaakuna.svg.png,"Punaisessa kentässä kruunattu apilaristi, jonka alasakara muodostaa kaateisen aurankärjen, kaikki kultaa.",Gustaf von Numers,14. kesäkuuta 1974
Kuhmo,https://upload.wikimedia.org/wikipedia/commons/thumb/e/e0/Kuhmo.vaakuna.svg/120px-Kuhmo.vaakuna.svg.png,Mustassa kentässä kolme kultaista kuusta asetettuna 2 + 1.,Olof Eriksson,1. maaliskuuta 1952
Kuhmoinen,https://upload.wikimedia.org/wikipedia/commons/thumb/8/8f/Kuhmoinen.vaakuna.svg/75px-Kuhmoinen.vaakuna.svg.png,"Hopeakentässä kolme punaista, yläreunaltaan aaltokoroista hirttä.",Ahti Hammar,4. elokuuta 1955
Kumlinge,https://upload.wikimedia.org/wikipedia/commons/thumb/4/45/Kumlinge.vapen.svg/75px-Kumlinge.vapen.svg.png,Punaisessa kentässä kultainen kotka siivet levällään seisomassa hopeakivien muodostamalla merimerkillä.,Matts Dreijer,19. joulukuuta 1951
Kuopio,https://upload.wikimedia.org/wikipedia/commons/thumb/c/cb/Kuopio.vaakuna.svg/120px-Kuopio.vaakuna.svg.png,"Katkoisen kilven mustassa yläkentässä pystyssä viritetty jousi ja sen yläpuolella kruunu, kaikki kultaa, paitsi nuolen kärki ja sulitettu pyrstö hopeaa; hopeisessa alakentässä punainen yksitorninen kirkko, jonka ovi- ja ikkuna-aukot mustat.",Seppo Ruotsalainen (piirtänyt uudelleen),12. kesäkuuta 1958
Kuortane,https://upload.wikimedia.org/wikipedia/commons/thumb/3/37/Kuortane.vaakuna.svg/75px-Kuortane.vaakuna.svg.png,"Aaltokoroisesti katkoinen hopea-sininen kilpi, jonka yläkentässä kolme nousevaa punaista liekkiä ja alakentässä uiva hopeinen kuha.",Ahti Hammar,17. lokakuuta 1957
Kurikka,https://upload.wikimedia.org/wikipedia/commons/thumb/a/a5/Kurikka.vaakuna.2009.svg/75px-Kurikka.vaakuna.2009.svg.png,Siniseen ja hopeaan lohenpyrstökoroilla halkaistu kilpi.,Kirsi-Maaria Markus,1. tammikuuta 2009
Kustavi,https://upload.wikimedia.org/wikipedia/commons/thumb/f/ff/Kustavi_vaakuna.svg/75px-Kustavi_vaakuna.svg.png,"Punaisessa kentässä aaltokoroinen hopeapalkki, jonka saatteena molemmin puolin paaluittain kulta-ankkuri.","Arvo Viljanti, A. Lukala jaAhti Hammar",17. heinäkuuta 1956
Kuusamo,https://upload.wikimedia.org/wikipedia/commons/thumb/a/af/Kuusamo.vaakuna.svg/75px-Kuusamo.vaakuna.svg.png,"Punakentässä hopeinen juokseva poro, jonka yläpuolella kultainen revontuli.",Kaj Kajander,23. marraskuuta 1959
Kyyjärvi,https://upload.wikimedia.org/wikipedia/commons/thumb/1/1b/Kyyj%C3%A4rvi.vaakuna.svg/120px-Kyyj%C3%A4rvi.vaakuna.svg.png,"Sinisessä kentässä aaltokoroinen vasen pieli ja luikerteleva käärme, kaikki hopeaa.",Kaj Kajander,21. heinäkuuta 1969
Kärkölä,https://upload.wikimedia.org/wikipedia/commons/thumb/9/9a/K%C3%A4rk%C3%B6l%C3%A4.vaakuna.svg/75px-K%C3%A4rk%C3%B6l%C3%A4.vaakuna.svg.png,"Punaisessa kentässä kolme hopeista, hirsittäistä havukirvestä alatusten.",Ahti Hammar,5. syyskuuta 1955
Kärsämäki,https://upload.wikimedia.org/wikipedia/commons/thumb/1/1d/K%C3%A4rs%C3%A4m%C3%A4ki.vaakuna.svg/75px-K%C3%A4rs%C3%A4m%C3%A4ki.vaakuna.svg.png,"Hopeakentässä tyviö ja vene, molemmat siniset, veneestä nousee seitsemän punaista tulikielekettä.",Gustaf von Numers,5. lokakuuta 1964
Kökar,https://upload.wikimedia.org/wikipedia/commons/thumb/3/35/K%C3%B6kar.vaakuna.svg/75px-K%C3%B6kar.vaakuna.svg.png,"Sinisessä kentässä hyppäävä hopeakala, jonka varukset punaiset.",Matts Dreijer,16. huhtikuuta 1952
Lahti,https://upload.wikimedia.org/wikipedia/commons/thumb/1/1a/Lahti.vaakuna.svg/75px-Lahti.vaakuna.svg.png,"Hopeakentässä musta, seitsenpuolainen rautatievaunun pyörä; pyörän kehältä nousee jokaisen puolapuun kohdalta punainen liekki.",Ahto Numminen(vanhan vaakunan pohjalta),14. toukokuuta 1968
Laihia,https://upload.wikimedia.org/wikipedia/commons/thumb/7/76/Laihia.vaakuna.svg/75px-Laihia.vaakuna.svg.png,"Vihreässä kentässä kultaisella oksalla istuva, etukäpälissään kultakäpyä pitelevä hopeinen orava.",Ahti Hammar,11. maaliskuuta 1952
Laitila,https://upload.wikimedia.org/wikipedia/commons/thumb/6/6c/Laitila_vaakuna.svg/75px-Laitila_vaakuna.svg.png,"Punaisessa kentässä hopeinen, kultavaruksinen kukko pidellen oikeassa jalassaan hopeista kovelia.",Ahti Hammar,26. kesäkuuta 1961
Lapinjärvi,https://upload.wikimedia.org/wikipedia/commons/thumb/7/72/Lapinj%C3%A4rvi.vaakuna.svg/120px-Lapinj%C3%A4rvi.vaakuna.svg.png,"Hopea-sinihalkoinen kilpi, kummassakin kentässä vuorovärinen kärki, josta nousee apilaristi.",Ahti Hammar,7. kesäkuuta 1958
Lapinlahti,https://upload.wikimedia.org/wikipedia/commons/thumb/1/1e/Lapinlahti.vaakuna.svg/75px-Lapinlahti.vaakuna.svg.png,"Mustassa kentässä kaskenviertäjä työvälineenään viertokanki; miehen molemmin puolin saatteena kuusikärkinen tähti; kaikki kultaa, paitsi miehen kasvot ja kädet luonnonväriset sekä virsut ja viertokangen tyvi punaiset.",Ahti Hammar,11. marraskuuta 1952
Lappajärvi,https://upload.wikimedia.org/wikipedia/commons/thumb/6/65/Lappaj%C3%A4rvi.vaakuna.svg/75px-Lappaj%C3%A4rvi.vaakuna.svg.png,Sinisessä kentässä hopeinen raakapurjeella ja peräsimellä varustettu vene. Alla liekkikoroinen kultatyviö.,Ahti Hammar,27. marraskuuta 1957
Lappeenranta,https://upload.wikimedia.org/wikipedia/commons/thumb/f/f8/Lappeenranta.vaakuna.svg/75px-Lappeenranta.vaakuna.svg.png,"Hopeakentässä luonnonvärinen metsäläinen, pidellen maahan laskettua nuijaa, seisomassa vihreällä maalla. Otsan ja vyötäisten ympärillä vihreä seppele.",Olof Eriksson(piirtänyt uudelleen),29. joulukuuta 1954
Lapua,https://upload.wikimedia.org/wikipedia/commons/thumb/6/60/Lapua.vaakuna.svg/120px-Lapua.vaakuna.svg.png,"Kultakentässä musta, kävelevä, punavaruksinen karhu, jolla ratsastaa siniseen vyötettyyn mekkoon, housuihin ja paulakenkiin pukeutunut mies, pidellen oikeassa kädessään iskuun kohotettua mustaa nuijaa.",Gustaf von Numers,11. joulukuuta 1950
Laukaa,https://upload.wikimedia.org/wikipedia/commons/thumb/d/db/Laukaa.vaakuna.svg/75px-Laukaa.vaakuna.svg.png,"Hopeakentässä punainen sydän, josta kasvaa kolmihaarainen vihreä havunoksa.",Olof Eriksson,5. syyskuuta 1955
Lemi,https://upload.wikimedia.org/wikipedia/commons/thumb/8/8e/Lemi.vaakuna.svg/120px-Lemi.vaakuna.svg.png,"Kilpi aaltokoroisesti vastalohkoinen, punahopeinen; punaisessa kentässä hopeinen, kultaemiöinen perunankukka.",Gustaf von Numers,16. toukokuuta 1962
Lemland,https://upload.wikimedia.org/wikipedia/commons/thumb/e/e9/Lemland.vaakuna.svg/120px-Lemland.vaakuna.svg.png,"Mustassa kentässä kultainen kappeli, jossa kaksi punaista ikkunaa: katon harjalla kaksi kultaristiä, joiden sakarat päättyvät punaisiin kolmioihin.",Matts Dreijer,28. joulukuuta 1951
Lempäälä,https://upload.wikimedia.org/wikipedia/commons/thumb/9/99/Lemp%C3%A4%C3%A4l%C3%A4.vaakuna.svg/75px-Lemp%C3%A4%C3%A4l%C3%A4.vaakuna.svg.png,"Punaisessa kentässä aaltokoroinen kultapaalu, jonka päällikkeenä on musta, viritetty jalkajousi, mustakärkisine kultanuolineen; tyvessä, paalun kummallakin puolella saatteena kultainen aurakärki.",Gustaf von Numers,7. maaliskuuta 1950
Leppävirta,https://upload.wikimedia.org/wikipedia/commons/thumb/a/a8/Lepp%C3%A4virta.vaakuna.svg/120px-Lepp%C3%A4virta.vaakuna.svg.png,"Mustan kentän tyvessä aaltokoroinen kultahirsi, jonka yläpuolella kultainen, punanorkkoinen ja -silmuinen leppä.",Ahti Hammar,14. kesäkuuta 1950
Lestijärvi,https://upload.wikimedia.org/wikipedia/commons/thumb/6/6e/Lestij%C3%A4rvi.vaakuna.svg/120px-Lestij%C3%A4rvi.vaakuna.svg.png,Hopeakentässä sininen teerenpyrstö.,Gustaf von Numers,19. tammikuuta 1967
Lieksa,https://upload.wikimedia.org/wikipedia/commons/thumb/9/90/Lieksa.vaakuna.svg/75px-Lieksa.vaakuna.svg.png,"Punaisessa kentässä tyvestä nouseva käsijousella ampuva mies, karvalakki päässä, kirves vyöllä; kaikki hopeaa.",Olof Eriksson,20. huhtikuuta 1953
Lieto,https://upload.wikimedia.org/wikipedia/commons/thumb/7/7d/Lieto_vaakuna.svg/75px-Lieto_vaakuna.svg.png,Punaisessa kentässä nouseva Pyhä Pietari pidellen oikeassa kädessään avainta ja vasemmassa kirjaa; kaikki kultaa.,Ahti Hammar,10. lokakuuta 1960
Liminka,https://upload.wikimedia.org/wikipedia/commons/thumb/5/51/Liminka.vaakuna.svg/120px-Liminka.vaakuna.svg.png,Sinisessä kentässä aaltokoroinen oikea pieli ja kolme kävelevää kärppää alatusten; kaikki muu on hopeaa paitsi kärppien hännänpäät ovat mustat.,Ahti Hammar,8. kesäkuuta 1956
Liperi,https://upload.wikimedia.org/wikipedia/commons/thumb/b/b9/Liperi.vaakuna.svg/75px-Liperi.vaakuna.svg.png,Hopeakentässä punainen toistoristi.,Ahti Hammar,17. heinäkuuta 1956
Lohja,https://upload.wikimedia.org/wikipedia/commons/thumb/b/b8/Lohja.vaakuna.svg/75px-Lohja.vaakuna.svg.png,Sinisessä kentässä hopeinen halstari paaluttain; sen varren kummallakin puolella saatteena kultainen pähkinäterttu.,Olof Eriksson,1. tammikuuta 1997
Loimaa,https://upload.wikimedia.org/wikipedia/commons/thumb/a/a5/Loimaa.vaakuna.svg/120px-Loimaa.vaakuna.svg.png,"Sinisessä kentässä paaluittain vehnäntähkä, jossa kaksi lehteä, saatteena neljä apilaristiä asetettuina 2 + 2; kaikki kultaa.",Aake Kaarnama,1. tammikuuta 2005
Loppi,https://upload.wikimedia.org/wikipedia/commons/thumb/e/e3/Loppi_vaakuna.svg/75px-Loppi_vaakuna.svg.png,Kilpi aaltokoroisesti puna-hopeakatkoinen; siinä vuorovärinen raudanmerkki.,Olof Eriksson,23. syyskuuta 1952
Loviisa,https://upload.wikimedia.org/wikipedia/commons/thumb/b/b0/Loviisa.vaakuna.svg/120px-Loviisa.vaakuna.svg.png,Sini-kultakatkoinen kilpi. Sinisessä kentässä kaksi kultaista tykkiä ristikkäin ja kultaisessa kentässä musta ankkuri.,Ahti Hammar(piirtänyt uudelleen),18. maaliskuuta 1969
Luhanka,https://upload.wikimedia.org/wikipedia/commons/thumb/5/5e/Luhanka.vaakuna.svg/75px-Luhanka.vaakuna.svg.png,"Vihreässä kentässä kävelevä, hopeinen, kultavaruksinen mäyrä, jonka saatteena kolme kultaista, naulakantaista kaarisakararistiä, kaksi yläpuolella, yksi alapuolella.",Gustaf von Numers,1. syyskuuta 1965
Lumijoki,https://upload.wikimedia.org/wikipedia/commons/thumb/1/10/Lumijoki.vaakuna.svg/75px-Lumijoki.vaakuna.svg.png,"Sinisessä kentässä alainen aaltokoroinen hirsi, jonka yläpuolella lumikide; molemmat hopeaa.",Toivo Mikkonen jaKaj Kajander,11. heinäkuuta 1969
Lumparland,https://upload.wikimedia.org/wikipedia/commons/thumb/9/93/Lumparland.vaakuna.svg/120px-Lumparland.vaakuna.svg.png,"Sinisessä kentässä kultalyhde, molemmin puolin sitä kohti kaartuva hopeinen, punavaruksinen kala.",Matts Dreijer,16. huhtikuuta 1952
Luoto,https://upload.wikimedia.org/wikipedia/commons/thumb/5/50/Luoto.vaakuna.svg/75px-Luoto.vaakuna.svg.png,Sinisessä kentässä hopeinen kaksimastoinen verkkovene.,Gustaf von Numers,17. lokakuuta 1952
Luumäki,https://upload.wikimedia.org/wikipedia/commons/thumb/2/26/Luum%C3%A4ki.vaakuna.svg/75px-Luum%C3%A4ki.vaakuna.svg.png,"Kultakentässä honka, jonka rungon oikealla puolella punavaruksinen karjunpää, vasemmalla puolella viisisakarainen vallitus; kaikki mustaa.",Gustaf von Numers,30. huhtikuuta 1951
Maalahti,https://upload.wikimedia.org/wikipedia/commons/thumb/2/24/Maalahti.vaakuna.svg/75px-Maalahti.vaakuna.svg.png,"Sinisessä kentässä aaltokoroinen tyviö ja kolme lukkopeltiä asetettuina 2:1, kaikki hopeaa.",Karl-David Långbacka,9. heinäkuuta 1982
Maarianhamina,https://upload.wikimedia.org/wikipedia/commons/thumb/7/79/Maarianhamina.vaakuna.svg/120px-Maarianhamina.vaakuna.svg.png,"Sinisellä kilvellä pysty kulta-ankkuri, sen yläpuolella lakio, jossa kolme vihreää lehmuksen lehteä.",Nils Byman,19. joulukuuta 1951
Marttila,https://upload.wikimedia.org/wikipedia/commons/thumb/8/8e/Marttila.vaakuna.svg/120px-Marttila.vaakuna.svg.png,"Punaisessa, vihreätyviöisessä kilvessä ratsastava, viittaansa leikkaava Pyhä Martti, jonka alapuolella istuva kerjäläinen; kaikki kultaa.",Ahti Hammar,17. heinäkuuta 1956
Masku,https://upload.wikimedia.org/wikipedia/commons/thumb/0/0d/Askainen.vaakuna.svg/75px-Askainen.vaakuna.svg.png,"Punaisessa kentässä ristikkäin kaksi hopeista marsalkansauvaa, joiden päätehelat kultaa. Sauvojen saatteena neljä kulta-apilaa.",Gustaf von Numers,1. tammikuuta 2009
Merijärvi,https://upload.wikimedia.org/wikipedia/commons/thumb/c/c7/Merijarvi.vaakuna.svg/75px-Merijarvi.vaakuna.svg.png,"Sinisessä kentässä kaarikoroisesta tyviöstä nousevaan sinkilään kiinnitetty rengas, kaikki hopeaa.",Gustaf von Numers,27. huhtikuuta 1967
Merikarvia,https://upload.wikimedia.org/wikipedia/commons/thumb/4/4e/Merikarvia.vaakuna.svg/120px-Merikarvia.vaakuna.svg.png,"Sinisessä kentässä hopeinen, kolmimastoinen, etu- ja raakapurjeilla varustettu alus, joka ui aaltokoroisella kultatyviöllä.",Carolus Lindberg,2. helmikuuta 1951
Miehikkälä,https://upload.wikimedia.org/wikipedia/commons/thumb/1/17/Miehikkala.vaakuna.svg/75px-Miehikkala.vaakuna.svg.png,Punaisessa kentässä hopeinen kaksoispolviorsi.,Tapio Vallioja,3. joulukuuta 1957
Mikkeli,https://upload.wikimedia.org/wikipedia/commons/thumb/0/09/Mikkeli.vaakuna.svg/75px-Mikkeli.vaakuna.svg.png,"Poikittain jaettu kilpi, jossa kuvataan sen yläkentässä kultaisella pohjalla Suomen marsalkan, vapaaherraC. G. E. Mannerheiminmarsalkansauvaa kaksin kappalein vinoristisuunnassa sekä alakentässä mustalla pohjalla ylöspäin suunnattu Savon maakunnan kultainen jousi, jossa jänne, nuolenkärki ja sulitettu pyrstö ovat hopeaa. Vaakunakilven yläpuolella on ruotsalaismallinen kreivin kruunu ja kilven alapuolella vapaudenristi nauhasommitelmineen.",Gunnar Clement; uudelleen piirtänyt Eero Jokilehto,15. tammikuuta 1943
Muhos,https://upload.wikimedia.org/wikipedia/commons/thumb/2/2f/Muhos.vaakuna.svg/120px-Muhos.vaakuna.svg.png,Aaltokorokatkoisen kilven sinisessä yläkentässä hopeinen lohi ja hopeisessa alakentässä kolme sinistä yksipolvekkeista salamaa vierekkäin.,Olof Eriksson,6. helmikuuta 1956
Multia,https://upload.wikimedia.org/wikipedia/commons/thumb/5/55/Multia_vaakuna.svg/120px-Multia_vaakuna.svg.png,Mustassa kentässä kultainen muurahainen.,Ahti Hammar,26. marraskuuta 1963
Muonio,https://upload.wikimedia.org/wikipedia/commons/thumb/0/02/Muonio.vaakuna.svg/75px-Muonio.vaakuna.svg.png,Punaisessa kentässä harjakoroisen tyviön yläpuolella kuusisakarainen tähti; kaikki hopeaa.,B. Harald Hellström,15. marraskuuta 1955
Mustasaari,https://upload.wikimedia.org/wikipedia/commons/thumb/9/94/Mustasaari_vaakuna.svg/75px-Mustasaari_vaakuna.svg.png,"Punaisessa kentässä reunoihin ulottuva kolmoisriu’un ja kaksoisvartaan muodostama risti, jonka risteyskohtaa ympäröi rengas, kaikki kultaa; kuviot ovat toisiinsa punottuina.",Gustaf von Numers,20. tammikuuta 1975
Muurame,https://upload.wikimedia.org/wikipedia/commons/thumb/8/88/Muurame.vaakuna.svg/75px-Muurame.vaakuna.svg.png,"Punaisessa kentässä hopeinen suomuurain, jonka marja kultaa.",Ahti Hammar,6. helmikuuta 1960
Mynämäki,https://upload.wikimedia.org/wikipedia/commons/thumb/d/d8/Myn%C3%A4m%C3%A4ki.vaakuna.svg/120px-Myn%C3%A4m%C3%A4ki.vaakuna.svg.png,Punaisessa kentässä kolme kultaista sulkakynää paaluittain.,Gustaf von Numers,1. tammikuuta 2007
Myrskylä,https://upload.wikimedia.org/wikipedia/commons/thumb/2/20/Myrskyl%C3%A4.vaakuna.svg/120px-Myrskyl%C3%A4.vaakuna.svg.png,Sinisessä kentässä hopeinen honka palkeittain.,Gustaf von Numers,23. marraskuuta 1959
Mäntsälä,https://upload.wikimedia.org/wikipedia/commons/thumb/3/31/M%C3%A4nts%C3%A4l%C3%A4.vaakuna.svg/75px-M%C3%A4nts%C3%A4l%C3%A4.vaakuna.svg.png,"Sinisessä kentässä kultainen, edestäpäinen hirvenpää, jonka varuksetkin kultaa; saatteena kolme hopea-apilaa asetettuina 1 + 2.",Olof Eriksson,20. helmikuuta 1951
Mänttä-Vilppula,https://upload.wikimedia.org/wikipedia/commons/thumb/a/ad/Vilppula.vaakuna.svg/75px-Vilppula.vaakuna.svg.png,"Punaisessa kentässä alareunaltaan kaareva hirsi, josta kasvaa kolme havunoksaa; kokonaan hopeaa.",Olof Eriksson,1. tammikuuta 2009
Mäntyharju,https://upload.wikimedia.org/wikipedia/commons/thumb/2/26/M%C3%A4ntyharju.vaakuna.svg/75px-M%C3%A4ntyharju.vaakuna.svg.png,"Mustassa kentässä kaksi kaarityviöstä kasvavaa mäntyä, kaikki kultaa.",Ahti Hammar,20. huhtikuuta 1953
Naantali,https://upload.wikimedia.org/wikipedia/commons/thumb/b/ba/Naantali.vaakuna.svg/120px-Naantali.vaakuna.svg.png,"Mustassa kentässä minuskelikirjaimet vg, joiden yläpuolella avonainen ritarikruunu; kaikki kultaa.",Olof Eriksson(piirtänyt uudelleen),11. lokakuuta 1966
Nakkila,https://upload.wikimedia.org/wikipedia/commons/thumb/7/79/Nakkila.vaakuna.svg/75px-Nakkila.vaakuna.svg.png,"Sinisessä kentässä kultainen palkki, jossa musta nahkiainen; palkin kummallakin puolella kolme paaluttaista kultatähkää.",Gustaf von Numers,16. helmikuuta 1953
Nivala,https://upload.wikimedia.org/wikipedia/commons/thumb/9/94/Nivala.vaakuna.svg/120px-Nivala.vaakuna.svg.png,Vihreässä kentässä yksipuolinen kultainen puuportti.,Kalervo Kallio,4. helmikuuta 1965
Nokia,https://upload.wikimedia.org/wikipedia/commons/thumb/2/26/Nokia.vaakuna.svg/75px-Nokia.vaakuna.svg.png,"Kultakentässä sininen, alainen aaltokoroinen palkki, jonka yläpuolella musta punavaruksinen näätä pystyasennossa.",Gustaf von Numers,25. lokakuuta 1951
Nousiainen,https://upload.wikimedia.org/wikipedia/commons/thumb/c/c5/Nousiainen.vaakuna.svg/75px-Nousiainen.vaakuna.svg.png,"Punaisessa kentässä piispanistuimella istuva Pyhä Henrik, joka polkee jaloillaan kirves kädessä maassa makaavaa miestä, kaikki kultaa.",Olof Eriksson,26. kesäkuuta 1961
Nurmes,https://upload.wikimedia.org/wikipedia/commons/thumb/8/85/Nurmes.vaakuna.svg/120px-Nurmes.vaakuna.svg.png,Punaisessa kentässä kolme hopeista karhukeihäänkärkeä pystyssä vierekkäin.,Olof Eriksson,11. helmikuuta 1952
Nurmijärvi,https://upload.wikimedia.org/wikipedia/commons/thumb/4/4b/Nurmijarvi.vaakuna.svg/75px-Nurmijarvi.vaakuna.svg.png,Sinisessä kentässä seitsemän luonnonväristä kultatukkaista nuorukaisen päätä asetettuina 2 + 3 + 2.,Olof Eriksson,14. huhtikuuta 1954
Närpiö,https://upload.wikimedia.org/wikipedia/commons/thumb/7/7a/N%C3%A4rpi%C3%B6.vaakuna.svg/120px-N%C3%A4rpi%C3%B6.vaakuna.svg.png,"Punaisessa kentässä kaateinen, kultainen vesilehvä, jolla on hopeasiivet.",Gustaf von Numers,4. elokuuta 1955
Orimattila,https://upload.wikimedia.org/wikipedia/commons/thumb/6/68/Orimattila.vaakuna.svg/75px-Orimattila.vaakuna.svg.png,Punaisessa kentässä nouseva hevonen pidellen viikatetta; kaikki hopeaa.,Ahti Hammar,17. joulukuuta 1956
Oripää,https://upload.wikimedia.org/wikipedia/commons/thumb/e/ed/Orip%C3%A4%C3%A4.vaakuna.svg/75px-Orip%C3%A4%C3%A4.vaakuna.svg.png,"Punaisessa kentässä kultainen hevosenpää, jonka kaula jatkuu kultaisena paaluna kilven alareunaan.",Gustaf von Numers,11. kesäkuuta 1968
Orivesi,https://upload.wikimedia.org/wikipedia/commons/thumb/f/f0/Orivesi.vaakuna.svg/120px-Orivesi.vaakuna.svg.png,"Hopeisessa kilvessä punainen pystyyn kavahtanut ori, joka nousee esiin kilven tyveen ulottuvasta sinisestä vedestä.",Carolus Lindberg,30. marraskuuta 1949
Oulainen,https://upload.wikimedia.org/wikipedia/commons/thumb/0/05/Oulainen.vaakuna.svg/75px-Oulainen.vaakuna.svg.png,Vihreässä kentässä pystyssä kultainen rapu.,Ahti Hammar,16. helmikuuta 1954
Oulu,https://upload.wikimedia.org/wikipedia/commons/thumb/3/36/Oulu.vaakuna.svg/120px-Oulu.vaakuna.svg.png,"Punaisessa kentässä hopeisesta tyviöstä nouseva kultainen, sinisin portti- ja ikkuna-aukoin varustettu linna, jossa neljä viirein koristettua kupukattoista tornia; tyviössä sininen, punavaruksinen lohi.",Martti Heikura (piirtänyt uudelleen),11. helmikuuta 1954
Outokumpu,https://upload.wikimedia.org/wikipedia/commons/thumb/4/47/Outokumpu.vaakuna.svg/120px-Outokumpu.vaakuna.svg.png,"Punaisessa kentässä on kuusikoroinen lakio, jonka alapuolella kuparinmerkki; kaikki kultaa.",Olof Eriksson,18. helmikuuta 1953
Padasjoki,https://upload.wikimedia.org/wikipedia/commons/thumb/7/76/Padasjoki.vaakuna.svg/120px-Padasjoki.vaakuna.svg.png,"Punaisessa kentässä pata, jonka alapuolella aaltokoroinen hirsi; kumpikin hopeaa.",Olof Eriksson,17. heinäkuuta 1956
Paimio,https://upload.wikimedia.org/wikipedia/commons/thumb/9/99/Paimio_vaakuna.svg/75px-Paimio_vaakuna.svg.png,"Punaisessa, kulta-apilasirotteisessa kentässä hopeinen napakaira.",Ahti Hammar,12. syyskuuta 1953
Paltamo,https://upload.wikimedia.org/wikipedia/commons/thumb/5/5c/Paltamo.vaakuna.svg/75px-Paltamo.vaakuna.svg.png,"Kultakentässä hirsittäin, alatusten, kolme mustaa tervavenettä tynnyreineen.",Gustaf von Numers,19. syyskuuta 1953
Parainen,https://upload.wikimedia.org/wikipedia/commons/thumb/1/1a/Nagu.vapen.Nauvo.vaakuna.svg/75px-Nagu.vapen.Nauvo.vaakuna.svg.png,"Punaisessa kentässä hopeinen, kultakruunuinen ankkuri.",Gustaf von Numers,28. huhtikuuta 2009
Parikkala,https://upload.wikimedia.org/wikipedia/commons/thumb/8/8b/Parikkala.vaakuna.svg/75px-Parikkala.vaakuna.svg.png,Hopeisella kilvellä musta linnakekoroinen vastapieli ja kolme punaista pykäläristiä paaluttain.,Seppo Siitonen,1. tammikuuta 2005
Parkano,https://upload.wikimedia.org/wikipedia/commons/thumb/8/85/Parkano.vaakuna.svg/75px-Parkano.vaakuna.svg.png,"Sinisessä kentässä aaltokoroinen kultahirsi ja sen päällikkeenä pystyssä kultainen mänty, jonka kuoritut kyljet ovat hopeiset; saatteena männyn latvan kummallakin puolella seitsensakarainen hopeatähti.",Germund Paaer,14. lokakuuta 1950
Pedersören kunta,https://upload.wikimedia.org/wikipedia/commons/thumb/4/4a/Peders%C3%B6re.vaakuna.svg/75px-Peders%C3%B6re.vaakuna.svg.png,Punaisessa kentässä kolmen naularistin ympäröimä ohrantähkä; kaikki kultaa.,Bo Aurén,9. huhtikuuta 1984
Pelkosenniemi,https://upload.wikimedia.org/wikipedia/commons/thumb/1/10/Pelkosenniemi.vaakuna.svg/75px-Pelkosenniemi.vaakuna.svg.png,Hopeakentässä sininen naularisti ja sen alapuolella sini-hopeakatkoinen kolmoisvuori.,Ahti Hammar,24. maaliskuuta 1960
Pello,https://upload.wikimedia.org/wikipedia/commons/thumb/9/92/Pellon_vaakuna.svg/120px-Pellon_vaakuna.svg.png,Sinisessä kentässä kolmoisvuori ja sen yläpuolella kolme kuusisakaraista tähteä asetettuina 1 + 2; kaikki hopeaa.,Olof Eriksson,30. toukokuuta 1952
Perho,https://upload.wikimedia.org/wikipedia/commons/thumb/0/0f/Perho.vaakuna.svg/75px-Perho.vaakuna.svg.png,"Mustassa kentässä kultainen perhonen, jonka yläpuolella saatteena hopeinen naularisti.",Gustaf von Numers,6. maaliskuuta 1953
Petäjävesi,https://upload.wikimedia.org/wikipedia/commons/thumb/7/7b/Pet%C3%A4j%C3%A4vesi.vaakuna.svg/75px-Pet%C3%A4j%C3%A4vesi.vaakuna.svg.png,Hopeakentässä punaisen aaltokoroisen tyviön yläpuolella musta petäjä.,Olof Eriksson,12. helmikuuta 1963
Pieksämäki,https://upload.wikimedia.org/wikipedia/commons/thumb/7/71/Pieks%C3%A4m%C3%A4ki.vaakuna.svg/75px-Pieks%C3%A4m%C3%A4ki.vaakuna.svg.png,"Mustassa kentässä kolme hirsittäistä, hopeasulkaista kultavasamaa alatusten.",Ahti Hammar,1. tammikuuta 2007
Pielavesi,https://upload.wikimedia.org/wikipedia/commons/thumb/c/c8/Pielavesi.vaakuna.svg/75px-Pielavesi.vaakuna.svg.png,"Mustassa kentässä kaksi paaluittaista hopeista tuohitorvea selätysten, saatteena niiden yläkulmassa ja kummallakin sivulla kultainen naulakantainen apilaristi.",Ahti Hammarja Niilo Toikkanen,23. tammikuuta 1954
Pietarsaari,https://upload.wikimedia.org/wikipedia/commons/thumb/a/a4/Pietarsaari.vaakuna.svg/75px-Pietarsaari.vaakuna.svg.png,"Kultakentässä sininen, aaltokoroinen tyviö, josta nousee punainen torni; tornista nousee sininen, punavaruksinen leijona, päässään punainen kruunu, häntä kaksihaarainen; leijona pitää oikeassa kämmenessään sinistä, punakahvaista iskuun kohotettua miekkaa.",Gustaf von Numers(piirtänyt uudelleen),28. joulukuuta 1957
Pihtipudas,https://upload.wikimedia.org/wikipedia/commons/thumb/b/b2/Pihtipudas.vaakuna.svg/75px-Pihtipudas.vaakuna.svg.png,Hopeaan ja mustaan nelitahkoisen kilven toisessa ja kolmannessa kentässä hopeiset nuolenkärjet.,Olof Eriksson,16. lokakuuta 1961
Pirkkala,https://upload.wikimedia.org/wikipedia/commons/thumb/8/8e/Pirkkala.vaakuna.svg/75px-Pirkkala.vaakuna.svg.png,Kilpi halkoinen ja turkiskorokatkoinen hopea-punainen.,Gustaf von Numers,28. marraskuuta 1951
Polvijärvi,https://upload.wikimedia.org/wikipedia/commons/thumb/3/39/Polvij%C3%A4rvi.vaakuna.svg/120px-Polvij%C3%A4rvi.vaakuna.svg.png,"Hopeakentässä punainen polviorsi, jossa kolme hopeista, lentävää hanhea hirsittäin.",Ahti Hammar,10. syyskuuta 1953
Pomarkku,https://upload.wikimedia.org/wikipedia/commons/thumb/b/b0/Pomarkku.vaakuna.svg/75px-Pomarkku.vaakuna.svg.png,"Kultakentässä sininen, sahakoroinen lakio; viisi sakaraa ylöspäin.",Gustaf von Numers,18. joulukuuta 1962
Pori,https://upload.wikimedia.org/wikipedia/commons/thumb/c/cb/Porin_vaakuna.svg/75px-Porin_vaakuna.svg.png,"Kullanvärisessä kilvessä edestäpäin punaisella ritarikruunulla varustettu musta karhunpää punainen kieli ojossa. Kilven alapuolta ympäröi sininen nauha, jossa hopeakirjaimin on lause «Deus protector noster«.","Eric O. W. Ehrström, uudelleen piirtänytOlof Eriksson",11. joulukuuta 1931
Pornainen,https://upload.wikimedia.org/wikipedia/commons/thumb/0/0b/Pornainen.vaakuna.svg/120px-Pornainen.vaakuna.svg.png,"Sinisessä kentässä kultainen kirkonkello, jonka kummallakin puolella saatteena kultainen, hopealankainen värttinä.",Gustaf von Numers,12. maaliskuuta 1952
Porvoo,https://upload.wikimedia.org/wikipedia/commons/thumb/3/3a/Porvoo.vaakuna.svg/75px-Porvoo.vaakuna.svg.png,"Sinisessä kentässä hopeinen, tulusraudanmuotoinen C-kirjain.",Gustaf von Numers(piirtänyt uudelleen),1. kesäkuuta 1960
Posio,https://upload.wikimedia.org/wikipedia/commons/thumb/a/a6/Posio.vaakuna.svg/75px-Posio.vaakuna.svg.png,Mustassa kentässä kolme hopeista kotaa ryhmitettyinä 2 + 1; oviaukot punaiset.,Gustaf von Numers,12. toukokuuta 1958
Pudasjärvi,https://upload.wikimedia.org/wikipedia/commons/thumb/a/ae/Pudasjarvi.vaakuna.svg/75px-Pudasjarvi.vaakuna.svg.png,"Kultakentässä musta, kävelevä, punavaruksinen karhu, jonka yläpuolella musta, kuusikoroinen lakio, jossa Otavan seitsentähtinen tähtikuvio; kukin tähti kultaa, viisisakarainen.",Gustaf von Numers,26. syyskuuta 1950
Pukkila,https://upload.wikimedia.org/wikipedia/commons/thumb/b/b9/Pukkila.vaakuna.svg/75px-Pukkila.vaakuna.svg.png,Sinisessä kentässä hopeinen pukinpää.,Olof Eriksson,29. joulukuuta 1954
Punkalaidun,https://upload.wikimedia.org/wikipedia/commons/thumb/e/ea/Punkalaidun.vaakuna.svg/75px-Punkalaidun.vaakuna.svg.png,"Sinisessä kentässä tyviö, jolla kilven reunasta toiseen ulottuva riukuaita; molemmat kultaa.",Gustaf von Numers,26. kesäkuuta 1961
Puolanka,https://upload.wikimedia.org/wikipedia/commons/thumb/0/07/Puolanka.vaakuna.svg/75px-Puolanka.vaakuna.svg.png,"Mustassa kentässä kolme karjankelloa asetettuina 2:1, yläpuolella kuusikoroinen lakio; kaikki kultaa.",Aake Kaarnama,29. elokuuta 1962
Puumala,https://upload.wikimedia.org/wikipedia/commons/thumb/1/16/Puumala.vaakuna.svg/120px-Puumala.vaakuna.svg.png,"Mustassa kilvessä kolme kilventyvestä kohoavaa hopeista sudenhammasta, joissa mustat, punaliekkiset kranaatit.",Tapio Vallioja,18. huhtikuuta 1963
Pyhtää,https://upload.wikimedia.org/wikipedia/commons/thumb/9/98/Pyht%C3%A4%C3%A4.vaakuna.svg/120px-Pyht%C3%A4%C3%A4.vaakuna.svg.png,"Mustassa kentässä kaksi hopeista punavaruksista lohta ristikkäin, saatteena kussakin kulmassa hopeinen kreikkalainen risti.",Ahti Hammar,14. syyskuuta 1951
Pyhäjoki,https://upload.wikimedia.org/wikipedia/commons/thumb/c/c5/Pyh%C3%A4joki.vaakuna.svg/75px-Pyh%C3%A4joki.vaakuna.svg.png,"Sinisessä kentässä hopeinen kultavaruksinen hanhi, jonka alapuolella kultainen kruunu ja risti alakkain.",Olof Eriksson,22. syyskuuta 1965
Pyhäjärvi,https://upload.wikimedia.org/wikipedia/commons/thumb/5/53/Pyh%C3%A4j%C3%A4rvi.vaakuna.svg/75px-Pyh%C3%A4j%C3%A4rvi.vaakuna.svg.png,"Sinisessä kentässä nouseva kärjestä teroitettu rajapaalu, jonka saatteena kummallakin puolella naularisti; kaikki hopeaa.",Ahti Hammar,26. maaliskuuta 1958
Pyhäntä,https://upload.wikimedia.org/wikipedia/commons/thumb/d/d4/Pyh%C3%A4nt%C3%A4.vaakuna.svg/120px-Pyh%C3%A4nt%C3%A4.vaakuna.svg.png,"Punaisessa kentässä on kolme alaista hirttä, joiden päällikkeenä on viisi tyvestä nousevaa suippokärkistä paalua; kaikki hopeaa.",Kaj Kajander,11. heinäkuuta 1969
Pyhäranta,https://upload.wikimedia.org/wikipedia/commons/thumb/e/e5/Pyh%C3%A4ranta_vaakuna.svg/75px-Pyh%C3%A4ranta_vaakuna.svg.png,"Punaisessa kentässä kultainen apilaristi, jonka alaosa muodostaa ankkurin.",Olof Eriksson,3. toukokuuta 1956
Pälkäne,https://upload.wikimedia.org/wikipedia/commons/thumb/b/b7/P%C3%A4lk%C3%A4ne_uusi.svg/75px-P%C3%A4lk%C3%A4ne_uusi.svg.png,"Sinisessä kentässä hopeinen, kultaemiöinen lumpeenkukka.",Gustaf von Numers,1. tammikuuta 2007
Pöytyä,https://upload.wikimedia.org/wikipedia/commons/thumb/d/db/P%C3%B6yty%C3%A4n_vaakuna.svg/75px-P%C3%B6yty%C3%A4n_vaakuna.svg.png,"Punaisessa kentässä kultainen lyhde, jonka päällikkeenä hopeinen orsivaaka.",Olof Eriksson,15. syyskuuta 1955
Raahe,https://upload.wikimedia.org/wikipedia/commons/thumb/d/d3/Raahe.vaakuna.svg/120px-Raahe.vaakuna.svg.png,"Punaisessa kentässä alaisen aaltokoroisen hopeatyviön - josta nousee kultainen kummeli (merimerkki) - yläpuolella ryntäävän hevosen selässä istuva haarniskoitu ratsumies, jolla oikeassa kädessään viirillä varustettu peitsi, kaikki muut hopeaa paitsi kypärän kruunu ja silmikko sekä viiri, suitset, satulaloimi ja kannukset kultaa.",Olof Eriksson(vanhan vaakunan pohjalta),24. syyskuuta 1963
Raasepori,https://upload.wikimedia.org/wikipedia/commons/thumb/9/9d/Raasepori.vaakuna.svg/75px-Raasepori.vaakuna.svg.png,Vihreällä kilvellä kahdeksan hopeista kultaemiöistä valkovuokonkukkaa renkaan tavoin.,Henrik Strömberg,1. tammikuuta 2009
Raisio,https://upload.wikimedia.org/wikipedia/commons/thumb/d/d5/Raisio.vaakuna.svg/75px-Raisio.vaakuna.svg.png,"Hopeakentässä punaisella hevosella ratsastava Pyhä Martti leikkaamassa miekallaan kappaletta viitastaan. Pyhimyksen kasvot ja kädet luonnonväriä, puku sininen, viitta ja saappaat punaiset, miekka hopeaa sekä sädekehä ja tukka kultaa. Hevosen varustus ja varukset kultaa.",Olof Eriksson,23. huhtikuuta 1954
Rantasalmi,https://upload.wikimedia.org/wikipedia/commons/thumb/f/f3/Rantasalmi.vaakuna.svg/75px-Rantasalmi.vaakuna.svg.png,"Kultakentässä musta, aaltokorkoinen palkki.",Ahti Hammar,1. lokakuuta 1958
Ranua,https://upload.wikimedia.org/wikipedia/commons/thumb/b/b4/Ranua.vaakuna.svg/120px-Ranua.vaakuna.svg.png,"Vihreässä kentässä alainen aaltokoroinen hirsi, jonka yläpuolella justeerisaha; kaikki hopeaa.",Olof Eriksson,23. marraskuuta 1959
Rauma,https://upload.wikimedia.org/wikipedia/commons/thumb/d/d8/Rauma.vaakuna.svg/75px-Rauma.vaakuna.svg.png,"Kultaisen latinalaisen ristin jakamassa sinisessä kilvessä neljä minuskeli r-kirjainta, yksi kussakin neljässä kentässä.",Carolus Lindberg(piirtänyt uudelleen),11. syyskuuta 1942
Rautalampi,https://upload.wikimedia.org/wikipedia/commons/thumb/7/72/Rautalampi.vaakuna.svg/120px-Rautalampi.vaakuna.svg.png,"Aaltokoroisesti kahdesti lohkoinen musta-, hopea- ja punakenttäinen kilpi; kummassakin värikentässä hopeinen raudanmerkki.",Ahti Hammar,19. maaliskuuta 1959
Rautavaara,https://upload.wikimedia.org/wikipedia/commons/thumb/c/c6/Rautavaara.vaakuna.svg/75px-Rautavaara.vaakuna.svg.png,"Mustassa kentässä kolmoisvuori, jonka yläpuolella kaksi kirvestä vinoristikkäin, kaikki hopeaa; vuoressa punainen raudanmerkki.",Olof Eriksson,5. tammikuuta 1954
Rautjärvi,https://upload.wikimedia.org/wikipedia/commons/thumb/7/7b/Rautj%C3%A4rvi.vaakuna.svg/120px-Rautj%C3%A4rvi.vaakuna.svg.png,"Sinisessä kentässä hopeinen raudanmerkki, jonka yläpuolella hopeinen, kuusikoroinen lakio.",Erkki Paakkinen,26. kesäkuuta 1961
Reisjärvi,https://upload.wikimedia.org/wikipedia/commons/thumb/d/d7/Reisj%C3%A4rvi.vaakuna.svg/75px-Reisj%C3%A4rvi.vaakuna.svg.png,"Sinisessä kentässä hopeinen, viisihaarainen atraimen terä.",Gustaf von Numers,3. marraskuuta 1952
Riihimäki,https://upload.wikimedia.org/wikipedia/commons/thumb/2/2b/Riihim%C3%A4ki.vaakuna.svg/75px-Riihim%C3%A4ki.vaakuna.svg.png,"Kultaisen vyön jakama kilpi, jonka hopeisessa yläkentässä on seitsemän ylöspäin nousevaa punaista tulenliekkiä ja punaisessa alakentässä kultainen lyhde.",Arttu Brummer,15. elokuuta 1947
Ristijärvi,https://upload.wikimedia.org/wikipedia/commons/thumb/3/3d/Ristijarvi.vaakuna.svg/120px-Ristijarvi.vaakuna.svg.png,Sinisessä kentässä aaltokuvioinen hopeatyviö ja sen yläpuolella hopeinen havuristi.,A. Liuksiala,23. marraskuuta 1959
Rovaniemi,https://upload.wikimedia.org/wikipedia/commons/thumb/c/c9/Rovaniemi.vaakuna.svg/120px-Rovaniemi.vaakuna.svg.png,"Vihreässä kentässä hopeinen haaruristi, jonka ylähaarat salamakoroiset, saatteena yläkulmassa kultainen liekki.",Toivo Vuorela,1. tammikuuta 2006
Ruokolahti,https://upload.wikimedia.org/wikipedia/commons/thumb/4/42/Ruokolahti.vaakuna.svg/75px-Ruokolahti.vaakuna.svg.png,"Sinisessä kentässä aaltokoroinen tyviö, josta nousee kolme järviruokoa; kaikki hopeaa.",Gustaf von Numers,11. syyskuuta 1951
Ruovesi,https://upload.wikimedia.org/wikipedia/commons/thumb/5/53/Ruovesi.vaakuna.svg/120px-Ruovesi.vaakuna.svg.png,"Punaisessa kentässä kolme hopeista lahnaa asennossa 2 + 1, hopeisessa lakiossa punainen kirkkovene.",Eino Halén,23. marraskuuta 1959
Rusko,https://upload.wikimedia.org/wikipedia/commons/thumb/7/77/Vahto.vaakuna.svg/75px-Vahto.vaakuna.svg.png,Punaisessa kentässä kolme kruunattua viikatteen terää alakkain; kaikki kultaa.,Olof Eriksson,1. tammikuuta 2009
Rääkkylä,https://upload.wikimedia.org/wikipedia/commons/thumb/3/3d/R%C3%A4%C3%A4kkyl%C3%A4.vaakuna.svg/120px-R%C3%A4%C3%A4kkyl%C3%A4.vaakuna.svg.png,"Punaisessa kentässä kaksi mustaa kekälettä ristikkäin, liekit hopeaa.",Gustaf von Numers,3. toukokuuta 1956
Saarijärvi,https://upload.wikimedia.org/wikipedia/commons/thumb/e/e4/Saarij%C3%A4rvi.vaakuna.svg/75px-Saarij%C3%A4rvi.vaakuna.svg.png,"Hopeakentässä kolme yläreunoiltaan sahakoroista hirttä, joista keskimmäinen punainen, toiset mustia.",Ahti Hammar,14. syyskuuta 1954
Salla,https://upload.wikimedia.org/wikipedia/commons/thumb/0/06/Salla.vaakuna.svg/120px-Salla.vaakuna.svg.png,Sinisessä kentässä hopeinen kaarihirsi.,Kaj Kajander,21. huhtikuuta 1961
Salo,https://upload.wikimedia.org/wikipedia/commons/thumb/5/5e/Halikko_vaakuna.svg/75px-Halikko_vaakuna.svg.png,"Punaisessa kentässä kultatammi ja sakarakoroinen kultalakio, jossa musta sarvi.",Olof Eriksson,1. tammikuuta 2009
Saltvik,https://upload.wikimedia.org/wikipedia/commons/thumb/2/24/Saltvik.vaakuna.svg/75px-Saltvik.vaakuna.svg.png,"Kilpi alaisen harjakoron jakama punaiseen ja kultaan, punaisessa kentässä kaksi kultaliljaa vieretysten.",Matts Dreijer,9. huhtikuuta 1952
Sastamala,https://upload.wikimedia.org/wikipedia/commons/thumb/f/f5/Karkku.vaakuna.svg/120px-Karkku.vaakuna.svg.png,"Sinisessä kentässä kultainen, ulkoreunaltaan ristikoroinen vihkiristi.",Lauri Ahlgrén,1. tammikuuta 2009
Sauvo,https://upload.wikimedia.org/wikipedia/commons/thumb/6/6e/Sauvo.vaakuna.svg/75px-Sauvo.vaakuna.svg.png,"Kultakentässä seisova naakka, saatteena kummallakin puolellaan kuusikärkinen kannustähti keskenään vastapalkeittain; kaikki mustia.",Ahti Hammar,4. maaliskuuta 1957
Savitaipale,https://upload.wikimedia.org/wikipedia/commons/thumb/4/4a/Savitaipale.vaakuna.svg/75px-Savitaipale.vaakuna.svg.png,"Mustassa kentässä sorkka-aura ja sen yläpuolella vallikoroinen lakio, kaikki kultaa.",Viljo Savikurki,3. maaliskuuta 1953
Savonlinna,https://upload.wikimedia.org/wikipedia/commons/thumb/9/97/Savonlinna.vaakuna.svg/75px-Savonlinna.vaakuna.svg.png,"Sinisessä kentässä kultainen kolmitorninen linna, sen alapuolella hopeinen, alainen, aaltokoroinen hirsi, jonka alapuolelle jää musta tyviö, jossa pystyssä viritetty kultainen jousi; jousen jänne, nuolen kärki ja sulitettu pyrstö hopeaa.",Savonlinnan kaupungin Taideteollinen KorkeakouluCarolus Lindberginehdotuksen (1938) pohjalta,4. huhtikuuta 1989
Savukoski,https://upload.wikimedia.org/wikipedia/commons/thumb/0/0b/Savukoski.vaakuna.svg/75px-Savukoski.vaakuna.svg.png,Mustassa kentässä kultainen patsasaitta.,Heikki Paaer,17. huhtikuuta 1957
Seinäjoki,https://upload.wikimedia.org/wikipedia/commons/thumb/4/4e/Sein%C3%A4joki.vaakuna.svg/75px-Sein%C3%A4joki.vaakuna.svg.png,Hopeisessa kilvessä sininen reunasta reunaan ulottuva sakaraharjainen ja juurestaan aaltokoroinen muuri.,Olof Eriksson,16. toukokuuta 1951
Sievi,https://upload.wikimedia.org/wikipedia/commons/thumb/4/4f/Sievi.vaakuna.svg/75px-Sievi.vaakuna.svg.png,Vihreässä kentässä apilakoroinen lakio (yliskenttä) ja aaltokoroinen hirsi; molemmat kultaa.,Gustaf von Numers,30. toukokuuta 1950
Siikainen,https://upload.wikimedia.org/wikipedia/commons/thumb/e/e8/Siikainen.vaakuna.svg/120px-Siikainen.vaakuna.svg.png,"Sinisessä kentässä palkeittain asetettu, hyppäävä, hopeinen, punavaruksinen siika ja sen molemmin puolin saatteena seitsenkärkinen hopeatähti.",Pentti Vakkamaa,5. elokuuta 1952
Siikajoki,https://upload.wikimedia.org/wikipedia/commons/thumb/1/1a/Siikajoki.vaakuna.2007.svg/120px-Siikajoki.vaakuna.2007.svg.png,"Sinisellä kilvellä yläreunaltaan sahakoroinen ja alareunaltaan aaltokoroinen hirsi, jonka yläpuolella kolme kuusisakaraista tähteä rinnakkain ja alapuolella siika, kaikki hopeaa.","Ruukin ja Siikajoen kunnanvaltuustot, Kaisu Tuomi, Tommi Lepojärvi ja Pekka Tuokila",1. tammikuuta 2007
Siikalatva,https://upload.wikimedia.org/wikipedia/commons/thumb/8/8e/Siikalatva.vaakuna.svg/75px-Siikalatva.vaakuna.svg.png,Sinisellä kilvellä aaltokoroinen tyviö ja neljä lentävää joutsenta palkittain; kaikki hopeaa.,Mikko Savolampi,1. tammikuuta 2009
Siilinjärvi,https://upload.wikimedia.org/wikipedia/commons/thumb/f/f8/Siilinj%C3%A4rvi.vaakuna.svg/75px-Siilinj%C3%A4rvi.vaakuna.svg.png,"Mustassa kentässä kaksi kassaraa (vesuria) vinoristikkäin, niiden alapuolella saatteena vesilehvä; kaikki kultaa.",Olof Eriksson,17. heinäkuuta 1956
Simo,https://upload.wikimedia.org/wikipedia/commons/thumb/7/7b/Simo.vaakuna.svg/75px-Simo.vaakuna.svg.png,Sinisessä kentässä neljä hopeista lohenpyrstöä asetettuina ristin tapaan.,Olof Eriksson,27. helmikuuta 1957
Sipoo,https://upload.wikimedia.org/wikipedia/commons/thumb/a/a3/Sipoo.vaakuna.svg/120px-Sipoo.vaakuna.svg.png,"Mustassa kentässä aaltokoroinen, alainen hirsi ja yläpuolella sudenpää; kaikki hopeaa.",Olof Eriksson,25. helmikuuta 1955
Siuntio,https://upload.wikimedia.org/wikipedia/commons/thumb/5/58/Siuntio.vaakuna.svg/120px-Siuntio.vaakuna.svg.png,"Sinisessä kentässä hirsittäin asetettu kultainen avain, jonka kieli muodostaa ristin ja perä on neliapilan muotoinen, kahden aaltokoroisen hopeahirren välissä.",A. W. Rancken,22. huhtikuuta 1950
Sodankylä,https://upload.wikimedia.org/wikipedia/commons/thumb/e/ec/Sodankyla.vaakuna.svg/120px-Sodankyla.vaakuna.svg.png,"Mustassa kentässä alainen hopeinen hirsi, jossa yläreunastaan liekkikoroinen punainen varras, hirren yläpuolella hopeinen 6-sakarainen tähti.",Aarno Liuksiala,24. maaliskuuta 1960
Soini,https://upload.wikimedia.org/wikipedia/commons/thumb/b/bb/Soini.vaakuna.svg/75px-Soini.vaakuna.svg.png,"Punaisessa kentässä alainen, aaltokoroinen hirsi, jonka yläpuolella kruunu; kaikki kultaa.",Kaj Kajander,29. elokuuta 1962
Somero,https://upload.wikimedia.org/wikipedia/commons/thumb/5/5d/Somero.vaakuna.svg/120px-Somero.vaakuna.svg.png,"Hopeisessa kentässä musta havupuun kanto, josta punaiset, kultasydämiset liekit nousevat ylös ja sivuille.",Ahti Hammar,30. toukokuuta 1950
Sonkajärvi,https://upload.wikimedia.org/wikipedia/commons/thumb/9/90/Sonkaj%C3%A4rvi.vaakuna.svg/120px-Sonkaj%C3%A4rvi.vaakuna.svg.png,"Mustassa kentässä kultainen myllynratas, josta nousee viisi kultapunaista liekkiä.",Ahti Hammar,15. lokakuuta 1954
Sotkamo,https://upload.wikimedia.org/wikipedia/commons/thumb/f/f3/Sotkamo.vaakuna.svg/75px-Sotkamo.vaakuna.svg.png,"Hopeakentässä sininen, yläreunaltaan kaarikoroinen hirsi.",Toivo Vuorela,9. kesäkuuta 1962
Sottunga,https://upload.wikimedia.org/wikipedia/commons/thumb/5/58/Sottunga.vaakuna.svg/75px-Sottunga.vaakuna.svg.png,"Sinisessä kentässä vene kahden aaltonauhan yläpuolella; kaikki kultaa paitsi maston huipussa punainen, kolmikielekkeinen lippu.",Matts Dreijer,27. maaliskuuta 1952
Sulkava,https://upload.wikimedia.org/wikipedia/commons/thumb/e/ec/Sulkava.vaakuna.svg/75px-Sulkava.vaakuna.svg.png,"Mustassa kentässä reunasta toiseen ulottuva, hopeinen yksikaarinen kivisilta, jonka saatteena kultaiset männynkävyt, kolme yläpuolella, yksi alapuolella, kannat ylöspäin.",Gustaf von Numers,23. syyskuuta 1953
Sund,https://upload.wikimedia.org/wikipedia/commons/thumb/4/43/Sund.vaakuna.svg/75px-Sund.vaakuna.svg.png,"Punaisessa kentässä sakarainen, tornilla varustettu kultainen harjamuuri; harjalla kultainen viiri.",Matts Dreijer,19. joulukuuta 1951
Suomussalmi,https://upload.wikimedia.org/wikipedia/commons/thumb/7/70/Suomussalmi.vaakuna.svg/75px-Suomussalmi.vaakuna.svg.png,"Mustassa kentässä neljä hopealipuketta ryhmitettyinä 1 + 2 + 1, kustakin nousee kultainen liekki.",Gustaf von Numers,21. syyskuuta 1966
Suonenjoki,https://upload.wikimedia.org/wikipedia/commons/thumb/8/80/Suonenjoki_coat_of_arms.svg/75px-Suonenjoki_coat_of_arms.svg.png,"Mustassa kentässä renkaan ympäröimä mansikanlehti, molemmat kultaa.",Gustaf von Numers,2. tammikuuta 1964
Sysmä,https://upload.wikimedia.org/wikipedia/commons/thumb/7/7f/Sysm%C3%A4.vaakuna.svg/120px-Sysm%C3%A4.vaakuna.svg.png,"Mustassa kentässä nuolikotelo, jossa kolme nuolta; kaikki hopeaa; nuolikotelon keskellä punainen pienoiskilpi ja siinä pystyssä hopeapiilu.",Ahti Hammar,11. helmikuuta 1954
Säkylä,https://upload.wikimedia.org/wikipedia/commons/thumb/1/18/K%C3%B6yli%C3%B6.vaakuna.svg/75px-K%C3%B6yli%C3%B6.vaakuna.svg.png,"Sinisessä kentässä punainen, kultapäärmeinen piispanhiippa, alapuolella aaltokoroinen kultatyviö, jossa sininen kirves.",Into Linturija Yrjö Rintala,1. tammikuuta 2016
Taipalsaari,https://upload.wikimedia.org/wikipedia/commons/thumb/8/82/Taipalsaari.vaakuna.svg/120px-Taipalsaari.vaakuna.svg.png,Punaisessa kentässä aaltokoroisen tyviön yläpuolella tervahöyry; kaikki hopeaa.,Olof Eriksson,20. toukokuuta 1959
Taivalkoski,https://upload.wikimedia.org/wikipedia/commons/thumb/b/bf/Taivalkoski.vaakuna.svg/75px-Taivalkoski.vaakuna.svg.png,"Punaisessa kentässä justeerisaha, tämän yläpuolella kuusikoroinen lakio; kaikki hopeaa.",Kaj Kajander,2. syyskuuta 1959
Taivassalo,https://upload.wikimedia.org/wikipedia/commons/thumb/6/63/Taivassalo_vaakuna.svg/120px-Taivassalo_vaakuna.svg.png,"Punaisessa kentässä kultainen yksimastoinen purjealus, jonka purjeessa punainen Mantovan risti.",Olof Eriksson,11. helmikuuta 1954
Tammela,https://upload.wikimedia.org/wikipedia/commons/thumb/3/32/Tammela.vaakuna.svg/75px-Tammela.vaakuna.svg.png,"Punaisessa kentässä kolme tammenlehteä, joiden varret yhtyvät haaruristiksi, varsien yhtymäkohdasta versoaa kummallekin sivulle terho; kaikki hopeaa.",Gustaf von Numers,29. joulukuuta 1953
Tampere,https://upload.wikimedia.org/wikipedia/commons/thumb/9/9f/Tampere.vaakuna.svg/120px-Tampere.vaakuna.svg.png,"Punaisessa kentässä aaltokoroinen vastapalkki, jonka yläpuolella saatteena paaluttainen vasara ja alapuolella paaluttainen Merkuriuksen sauva; kaikki kultaa.",Olof Eriksson(vanhan vaakunan pohjalta),16. kesäkuuta 1960
Tervo,https://upload.wikimedia.org/wikipedia/commons/thumb/4/4d/Tervo.vaakuna.svg/75px-Tervo.vaakuna.svg.png,Sinisessä kentässä kultakyljet ja viisi kultaista irtoriukua asetettuina 2:1:2.,Gustaf von Numers,19. syyskuuta 1963
Tervola,https://upload.wikimedia.org/wikipedia/commons/thumb/0/02/Tervola.vaakuna.svg/75px-Tervola.vaakuna.svg.png,"Punaisessa kentässä kokonaan hopeinen kävelevä kurki, nokassaan hirsittäinen kultasipuli.",Ahti Hammar,15. helmikuuta 1957
Teuva,https://upload.wikimedia.org/wikipedia/commons/thumb/e/ea/Teuva.vaakuna.svg/75px-Teuva.vaakuna.svg.png,Sinisessä kentässä kaksi hopeista varstaa ristikkäin.,Ahti Hammar,20. huhtikuuta 1953
Tohmajärvi,https://upload.wikimedia.org/wikipedia/commons/thumb/e/e9/Tohmaj%C3%A4rvi.vaakuna.svg/75px-Tohmaj%C3%A4rvi.vaakuna.svg.png,"Hopeakentässä musta alasin, josta nousee punainen lieska.",Olof Eriksson,1. tammikuuta 2005
Toholampi,https://upload.wikimedia.org/wikipedia/commons/thumb/5/57/Toholampi.vaakuna.svg/75px-Toholampi.vaakuna.svg.png,"Hopeakentässä alainen, musta, yläpuoleltaan oksakoroinen polviorsi; kustakin sakarasta nousee punainen tulenlieska.",Gustaf von Numers,28. toukokuuta 1952
Toivakka,https://upload.wikimedia.org/wikipedia/commons/thumb/9/91/Toivakka.vaakuna.svg/120px-Toivakka.vaakuna.svg.png,Vihreässä kentässä kylväjä hopeavaatteissa; kylvövakka hihnoineen ja virsut kultaa.,Gustaf von Numers,23. huhtikuuta 1957
Tornio,https://upload.wikimedia.org/wikipedia/commons/thumb/e/e9/Tornio.vaakuna.svg/75px-Tornio.vaakuna.svg.png,"Hopeakentässä punainen kirkontorni, jonka katto keski- ja kulmahuippuineen sekä ovi-, ikkuna- ja ampuma-aukot ovat siniset.",Olof Eriksson(piirtänyt uudelleen),12. kesäkuuta 1958
Turku,https://upload.wikimedia.org/wikipedia/commons/thumb/d/d7/Turku.vaakuna.svg/75px-Turku.vaakuna.svg.png,"Sinisessä kentässä kultainen goottilainen A-kirjain, jonka ympärillä neljä hopealiljaa 1 + 2 + 1.",Tauno Torppo (piirtänyt uudelleen),"sinettinä vuodesta 1309, ei vahvistettu"
Tuusniemi,https://upload.wikimedia.org/wikipedia/commons/thumb/4/49/Tuusniemi.vaakuna.svg/75px-Tuusniemi.vaakuna.svg.png,"Kultakentässä musta kaarityviö, jolla seisoo musta, punahelttainen teeri, tyviössä kolme kultakruunua.",Gustaf von Numers,13. tammikuuta 1959
Tuusula,https://upload.wikimedia.org/wikipedia/commons/thumb/3/3b/Tuusula.vaakuna.svg/75px-Tuusula.vaakuna.svg.png,"Puna-hopealohkoisen kilven yläkentässä hopeinen pistoolinlukko ja alakentässä vihreä laakerinoksa, jonka marjat punaiset.",Olof Eriksson,28. tammikuuta 1953
Tyrnävä,https://upload.wikimedia.org/wikipedia/commons/thumb/c/c7/Tyrn%C3%A4v%C3%A4.vaakuna.svg/120px-Tyrn%C3%A4v%C3%A4.vaakuna.svg.png,Sinisessä kentässä kolme hopeista punaovista latoa asetettuina 2 + 1.,Olof Eriksson,8. kesäkuuta 1956
Ulvila,https://upload.wikimedia.org/wikipedia/commons/thumb/a/a8/Ulvila.vaakuna.svg/75px-Ulvila.vaakuna.svg.png,"Vihreässä kentässä kultainen Pyhän Olavin kuva, käsissään sotakirves ja valtakunnanomena, istumassa hopeisella valtaistuimella.",Ahti Hammar,29. lokakuuta 1952
Urjala,https://upload.wikimedia.org/wikipedia/commons/thumb/3/35/Urjala.vaakuna.svg/120px-Urjala.vaakuna.svg.png,"Punaisessa kentässä hopeinen apilaristi, jonka kustakin kulmasta lähtee kultainen liekki.",Toivo Vuorela,13. kesäkuuta 1955
Utajärvi,https://upload.wikimedia.org/wikipedia/commons/thumb/7/79/Utaj%C3%A4rvi.vaakuna.svg/75px-Utaj%C3%A4rvi.vaakuna.svg.png,"Vihreässä kentässä hopeinen aaltokoroinen vastapalkki, jossa musta tervavene.",Olof Eriksson,7. kesäkuuta 1955
Utsjoki,https://upload.wikimedia.org/wikipedia/commons/thumb/e/e6/Utsjoki.vaakuna.svg/75px-Utsjoki.vaakuna.svg.png,"Mustassa kentässä revontuli, jonka yläpuolella saatteena nelisakarainen tähti; molemmat hopeaa.",Gustaf von Numers,20. huhtikuuta 1953
Uurainen,https://upload.wikimedia.org/wikipedia/commons/thumb/c/cf/Uurainen.vaakuna.svg/75px-Uurainen.vaakuna.svg.png,"Vihreässä kentässä kultainen kaarikoroinen kärki, jossa vihreä suksisauvan sompa.",Tapio Vallioja,12. helmikuuta 1965
Uusikaarlepyy,https://upload.wikimedia.org/wikipedia/commons/thumb/7/7c/Uusikaarlepyy.vaakuna.svg/75px-Uusikaarlepyy.vaakuna.svg.png,"Sinisessä kilvessä pystyyn asetettu kultainen tervatynnyri, jonka kannesta ja molemmista sivuista kultaiset, punakielekkeiset tulenlieskat lähtevät.",Gunnar Clément(piirtänyt uudelleen),19. marraskuuta 1943
Uusikaupunki,https://upload.wikimedia.org/wikipedia/commons/thumb/f/fa/Uusikaupunki.vaakuna.svg/75px-Uusikaupunki.vaakuna.svg.png,Hopeakentässä pystyssä selätysten kaksi sinistä haukea.,Ahti Hammar(piirtänyt uudelleen),4. tammikuuta 1960
Vaala,https://upload.wikimedia.org/wikipedia/commons/thumb/c/c7/Vaala.vaakuna.svg/75px-Vaala.vaakuna.svg.png,"Punaisessa kentässä alainen, kaateinen polviorsi, josta nousee kolmisakarainen torni; molemmat hopeaa.",Kaj Kajander,11. tammikuuta 1966
Vaasa,https://upload.wikimedia.org/wikipedia/commons/thumb/1/1f/Vaasa.vaakuna2.svg/75px-Vaasa.vaakuna2.svg.png,"Punaisessa kentässä kultainen Vaasain tunnus, sen alapuolella kulta-valkoinen vapaudenristi kultaisine laakeriseppeleineen ja miekkoineen riippumassa kultaisessa, kahdella punaisella viivalla kirjatussa nauhassa, joka ympäröi kilven alaosaa.",Eric O. W. Ehrström(piirtänyt uudelleen),10. marraskuuta 1922
Valkeakoski,https://upload.wikimedia.org/wikipedia/commons/thumb/3/39/Valkeakoski.vaakuna.svg/75px-Valkeakoski.vaakuna.svg.png,"Punaisessa kilvessä on vastaviistoon kulkeva hopeinen virta, jonka yläkentässä on kultainen kuusi ja alakentässä kultainen hammasratas.",A. W. Rancken,23. huhtikuuta 1948
Vantaa,https://upload.wikimedia.org/wikipedia/commons/thumb/4/40/Vantaa.vaakuna.svg/120px-Vantaa.vaakuna.svg.png,"Sinisessä kentässä alainen, aaltokoroinen hopeahirsi, josta nousee oikealle kaartuva kultainen kalanpyrstö.",Kullervo Telamaa,8. toukokuuta 1951
Varkaus,https://upload.wikimedia.org/wikipedia/commons/thumb/8/8f/Varkaus.vaakuna.svg/120px-Varkaus.vaakuna.svg.png,Mustassa kentässä esiintyöntyvä koukistettu käsivarsi pidellen hirsittäistä ankkuria; kaikki kultaa.,Olof Eriksson,3. huhtikuuta 1954
Vehmaa,https://upload.wikimedia.org/wikipedia/commons/thumb/d/dc/Vehmaa.vaakuna.svg/120px-Vehmaa.vaakuna.svg.png,"Kultakentässä punainen, ristisauvaa ja kirjaa pitelevä ja vihreää lohikäärmettä polkeva Pyhä Margareeta, jonka kasvot ja kädet luonnonväriä.",Ahti Hammar,19. helmikuuta 1958
Vesanto,https://upload.wikimedia.org/wikipedia/commons/thumb/c/c9/Vesanto.vaakuna.svg/75px-Vesanto.vaakuna.svg.png,Mustassa kentässä kultaiset viitosjänteet.,Gustaf von Numers,3. tammikuuta 1968
Vesilahti,https://upload.wikimedia.org/wikipedia/commons/thumb/8/8f/Vesilahti.vaakuna.svg/75px-Vesilahti.vaakuna.svg.png,"Hopea-punahalkoisen kilven oikeassa kentässä punainen avain, sen vasemmassa kentässä hopeinen kultavaruksinen kurki, jonka päälaki on punainen ja pyrstön sulat mustapäiset.",Gustaf von Numers,29. maaliskuuta 1951
Veteli,https://upload.wikimedia.org/wikipedia/commons/thumb/1/1b/Veteli.vaakuna.svg/75px-Veteli.vaakuna.svg.png,"Hopeakentässä sininen paalu, jossa seitsenkielinen kultakantele; kielet punaiset.",Gustaf von Numers,21. huhtikuuta 1952
Vieremä,https://upload.wikimedia.org/wikipedia/commons/thumb/0/01/Vierem%C3%A4.vaakuna.svg/75px-Vierem%C3%A4.vaakuna.svg.png,"Mustassa kentässä kaateinen polviorsi, jossa kasvaa havun oksa; molemmat kultaisia.",Aake Kaarnama,17. huhtikuuta 1964
Vihti,https://upload.wikimedia.org/wikipedia/commons/thumb/2/23/Vihti.vaakuna.svg/75px-Vihti.vaakuna.svg.png,"Kultakentässä aaltokoroinen, kaateinen polviorsi, jonka yläpuolelle saatteena vesipyörä, molemmat siniset.",Gustaf von Numers,12. kesäkuuta 1953
Viitasaari,https://upload.wikimedia.org/wikipedia/commons/thumb/2/2e/Viitasaari.vaakuna.svg/120px-Viitasaari.vaakuna.svg.png,Punaisessa kentässä seitsemän kokonaan hopeista uivaa muikkua asetettuina 1 + 2 + 1 + 2 + 1.,Olof Eriksson,5. elokuuta 1952
Vimpeli,https://upload.wikimedia.org/wikipedia/commons/thumb/4/47/Vimpeli.vaakuna.svg/120px-Vimpeli.vaakuna.svg.png,"Sinisessä kentässä kaksi hopeista suksea selätysten kaateisen polviorren tapaan asetettuna, saatteena niiden välissä kultainen liekki.",Olof Eriksson,22. marraskuuta 1960
Virolahti,https://upload.wikimedia.org/wikipedia/commons/thumb/f/f2/Virolahti.vaakuna.svg/120px-Virolahti.vaakuna.svg.png,Kulta-apilakylvöisessä punaisessa kentässä paaluittainen hopea-ankkuri.,Olof Eriksson,11. heinäkuuta 1951
Virrat,https://upload.wikimedia.org/wikipedia/commons/thumb/a/ae/Virrat.vaakuna.svg/75px-Virrat.vaakuna.svg.png,"Sinisessä kentässä aaltokoroiset kolmoisjänteet, saatteena kummallakin puolella palkeittainen karhukeihäänkärki; kaikki hopeaa.",Olof Eriksson,15. helmikuuta 1954
Vårdö,https://upload.wikimedia.org/wikipedia/commons/thumb/3/3a/V%C3%A5rd%C3%B6.vaakuna.svg/75px-V%C3%A5rd%C3%B6.vaakuna.svg.png,"Sinisessä kentässä hopeinen kartio, jossa kulta-punainen liekki.",Matts Dreijer,20. helmikuuta 1952
Vöyri,https://upload.wikimedia.org/wikipedia/commons/thumb/9/97/V%C3%B6yri-Maksamaa.vaakuna.svg/75px-V%C3%B6yri-Maksamaa.vaakuna.svg.png,Sinisessä kentässä vedenhaltia pitäen oikeassa kädessään kalaa ja vasemmassa apilanlehteä; kaikki hopeaa.,Gustaf von Numers,1. tammikuuta 2011
Ylitornio,https://upload.wikimedia.org/wikipedia/commons/thumb/d/dd/Ylitornio.vaakuna.svg/120px-Ylitornio.vaakuna.svg.png,"Hopeakentässä kolmoisvuoren yläpuolella aurinko, kumpikin punainen.",Jaakko Hänninen,5. huhtikuuta 1954
Ylivieska,https://upload.wikimedia.org/wikipedia/commons/thumb/9/91/Ylivieska.vaakuna.svg/120px-Ylivieska.vaakuna.svg.png,"Hopeakentässä sininen, apilapäinen haaruristi.",Ahti Hammar,20. kesäkuuta 1955
Ylöjärvi,https://upload.wikimedia.org/wikipedia/commons/thumb/a/af/Yl%C3%B6j%C3%A4rvi.vaakuna.svg/75px-Yl%C3%B6j%C3%A4rvi.vaakuna.svg.png,"Punaisessa kentässä haaruristi, jonka yläkulmassa saatteena risti; molemmat kultaa.",Gustaf von Numers,12. toukokuuta 1954
Ypäjä,https://upload.wikimedia.org/wikipedia/commons/thumb/e/e7/Yp%C3%A4j%C3%A4.vaakuna.svg/75px-Yp%C3%A4j%C3%A4.vaakuna.svg.png,"Halkoisen kilven oikeassa sinisessä kentässä hopeinen maalaiskirkon kellotapuli, vasemmassa hopeisessa kentässä punainen tähkä.",Aukusti Tuhka,27. joulukuuta 1949
Ähtäri,https://upload.wikimedia.org/wikipedia/commons/thumb/f/f9/%C3%84ht%C3%A4ri.vaakuna.svg/75px-%C3%84ht%C3%A4ri.vaakuna.svg.png,Sinisessä kentässä kaksi nuolta ristikkäin ja päällikkeenä paaluittain kolmas nuoli; kaikki hopeaa; saatteena kummassakin sivukulmassa kultainen viisilehtinen kukka.,Ahti Hammar,25. lokakuuta 1951
Äänekoski,https://upload.wikimedia.org/wikipedia/commons/thumb/a/a3/%C3%84%C3%A4nekoski.vaakuna.svg/120px-%C3%84%C3%A4nekoski.vaakuna.svg.png,"Sinisessä kentässä kolme lentävää hopeakurkea, keskenään järjestettyinä oikealle suunnatun kärjen tapaan.",Olof Eriksson,1. tammikuuta 2007
